RA,Defasagem_2022,Defasagem_2023,Defasagem_2024,IAA_2022,IAA_2023,IAA_2024,IDA_2022,IDA_2023,IDA_2024,IEG_2022,IEG_2023,IEG_2024,INDE_2022,INDE_2023,INDE_2024,IPP_2022,IPP_2023,IPP_2024,IPS_2022,IPS_2023,IPS_2024,IPV_2022,IPV_2023,IPV_2024,TARGET,Nome
RA-103,1.0,1.0,0.0,7.9,8.3,8.334,7.3,7.1,9.166666666666666,8.7,9.2,9.603174603333335,8.107,8.0239,8.775268254,8.253999999999989,8.125,7.875,7.5,5.0,6.26,7.708,8.09,8.872,1,Aluno-103
RA-106,-1.0,0.0,0.0,9.2,7.9,9.168,7.4,7.3,5.666666666666667,8.0,9.1,8.761904762,7.973,7.769658333,7.721664285733334,8.57999999999999,7.03125,7.8125,9.4,5.0,5.635,8.375,7.5075,7.872,1,Aluno-106
RA-107,-1.0,0.0,-1.0,7.5,0.0,7.5,4.6,7.0,4.666666666666667,6.4,8.5,7.9949874686666655,6.258,6.845208333,6.676130827066667,7.579999999999997,7.34375,7.5,7.5,5.0,7.51,6.5,7.5875,6.964,1,Aluno-107
RA-110,0.0,0.0,0.0,9.2,8.3,9.168,6.7,7.5,8.5,9.7,8.6,9.696969697,8.15,8.0879,8.6324939394,7.900000000000005,8.75,7.5,5.6,5.0,6.255,8.0,8.2975,8.504,0,Aluno-110
RA-111,1.0,1.0,0.0,7.5,7.5,9.168,8.0,6.0,8.333333333333334,9.4,8.7,9.488636363666666,8.646,7.566458333,8.667693939400001,8.726000000000012,7.65625,8.125,8.1,5.0,6.26,8.667,8.0875,8.74,1,Aluno-111
RA-112,-1.0,-1.0,0.0,7.9,6.7,7.083,8.5,7.4,8.0,7.8,8.1,7.978174603333333,7.836,7.141308333,8.052609920666667,8.894000000000004,7.96875,7.96875,6.3,5.0,7.51,8.833,7.9225,8.004,0,Aluno-112
RA-115,-2.0,-1.0,-2.0,8.3,8.8,7.917,3.8,4.2,4.166666666666667,6.8,7.1,4.164756812,5.886,6.319141667,5.404184695733334,6.894,7.34375,6.75,6.3,5.0,6.26,5.583,7.215,5.726,1,Aluno-115
RA-116,-2.0,-2.0,-2.0,5.8,6.7,8.334,5.9,4.7,4.5,8.1,7.6,7.535353535666666,6.854,6.433075,6.337470707133334,7.855999999999994,7.96875,6.875,6.3,5.0,5.635,7.792,7.5475,6.73,1,Aluno-116
RA-121,-2.0,-1.0,-2.0,7.1,6.3,8.751,7.2,6.0,8.833333333333334,8.4,8.8,8.152958153,7.245,6.811875,7.476158297266668,7.599999999999995,7.34375,7.25,6.3,5.0,6.26,7.625,7.4625,6.764,1,Aluno-121
RA-123,-2.0,-2.0,-1.0,7.9,0.0,7.5,6.5,5.7,7.166666666666667,8.6,9.4,8.412698412666666,7.084,6.068333333,6.887248015866668,7.555999999999998,6.875,6.71875,5.6,5.0,5.635,7.292,6.8375,6.43,0,Aluno-123
RA-125,-1.0,-1.0,-1.0,8.8,9.2,8.334,7.1,5.8,6.166666666666667,8.5,7.7,5.6428571430000005,7.619,6.989633333,6.627079761933334,8.189999999999996,8.125,7.34375,7.5,5.0,7.51,7.75,7.835,7.232,1,Aluno-125
RA-127,0.0,0.0,0.0,7.5,8.8,8.751,7.9,6.4,7.833333333333333,8.7,7.8,9.488636363666666,8.283,7.91935,8.5605939394,8.379999999999992,8.4375,7.625,7.5,6.26,7.51,8.125,8.6725,8.538,0,Aluno-127
RA-131,-1.0,-1.0,-2.0,8.8,8.3,8.751,5.6,2.2,5.0,9.0,7.8,9.444444444666667,7.174,5.952358333,7.263155555633333,7.640000000000004,7.65625,7.708333333,5.6,5.0,7.51,7.75,6.8,7.386666667,1,Aluno-131
RA-132,0.0,0.0,0.0,10.0,7.5,8.334,7.7,6.5,8.333333333333334,8.8,8.7,8.380952380666665,8.355,7.350625,8.4746321428,8.033999999999994,7.65625,8.59375,5.6,2.52,7.51,8.458,7.715,8.44,0,Aluno-132
RA-137,-3.0,-2.0,-2.0,7.5,7.1,9.585,7.3,6.0,6.833333333333333,8.9,6.3,7.582972583,7.056,5.937025,6.576761183366667,7.575999999999998,6.40625,4.791666667,5.0,2.52,5.005,7.792,6.88,6.276666667,0,Aluno-137
RA-138,-1.0,-2.0,-2.0,9.6,10.0,9.585,5.6,4.3,5.833333333333333,8.0,7.9,8.751803751666666,6.738,6.784075,7.3860274169,7.23,7.34375,7.708333333,5.6,6.26,7.51,6.375,7.4175,7.443333333,0,Aluno-138
RA-143,1.0,1.0,2.0,8.3,8.3,10.002,7.9,6.5,2.6333333333333333,9.9,9.6,9.92,8.638,7.794358333,7.449366666666667,7.879999999999991,8.28125,7.5,5.6,2.52,6.885,9.5,8.3375,7.5,1,Aluno-143
RA-146,-1.0,-1.0,-2.0,8.3,6.2,8.751,7.9,7.9,9.333333333333334,9.2,9.5,9.514316093333333,7.947,7.584483333,8.134554885333333,8.053999999999998,8.4375,7.65625,7.5,5.0,5.635,8.208,8.2125,8.304,1,Aluno-146
RA-147,0.0,-1.0,-1.0,8.3,0.0,8.334,6.1,4.5,6.166666666666667,7.7,7.0,9.277056277,7.541,5.5425,7.400477922133334,7.510000000000003,6.875,7.5,7.5,5.63,7.51,7.25,7.46,7.386666667,0,Aluno-147
RA-149,-1.0,-2.0,-2.0,9.2,8.8,9.585,5.0,4.7,3.8333333333333335,6.5,4.2,4.104378593666667,6.323,5.622266667,5.7316173854,6.280000000000006,7.5,7.34375,7.5,2.52,6.26,6.125,7.2925,6.626,0,Aluno-149
RA-152,-2.0,-2.0,-2.0,8.3,7.9,7.5,6.5,4.5,5.166666666666667,7.0,7.7,7.337719298333333,6.712,6.30695,6.5837938596,6.735999999999995,7.8125,7.8125,7.5,2.52,5.63,6.292,7.71,7.443333333,0,Aluno-152
RA-153,0.0,0.0,2.0,7.9,9.2,8.751,6.6,6.4,0.0,8.2,7.4,0.0,7.535,7.289966667,4.78185,7.434,8.125,7.5,5.0,2.52,6.5675,7.708,7.71,7.5,1,Aluno-153
RA-157,1.0,2.0,1.0,7.5,7.1,8.334,7.7,6.8,9.666666666666666,10.0,9.9,10.0,8.317,7.879008333,8.950566666733334,7.386000000000001,8.59375,8.125,6.3,2.52,6.26,8.292,8.63,8.726666667,1,Aluno-157
RA-158,-3.0,1.0,0.0,7.9,7.1,8.334,6.6,6.0,4.0,9.8,9.0,7.796296296333334,7.302,7.297425,6.855159259266667,7.969999999999993,8.28125,6.875,5.6,2.52,6.26,8.125,7.545,6.745,1,Aluno-158
RA-160,-1.0,-1.0,-1.0,7.5,8.8,8.334,5.3,5.0,5.666666666666667,7.2,8.3,7.416666666666667,6.746,6.598266667,6.855108333266668,7.859999999999993,8.125,7.34375,5.6,2.52,6.26,8.25,7.46,7.723333333,0,Aluno-160
RA-161,2.0,1.0,0.0,7.9,0.0,8.751,6.9,5.8,4.0,9.1,7.3,7.965686274666666,7.957,6.250166667,7.258445588333334,7.9039999999999955,8.125,7.96875,5.6,2.52,6.26,8.083,7.795,7.836666667,1,Aluno-161
RA-164,-2.0,-1.0,-2.0,8.3,0.0,9.585,6.5,5.8,5.666666666666667,7.3,8.2,8.084795321666666,6.776,5.638666667,6.837125731066667,6.843999999999997,6.875,6.25,5.6,2.52,6.26,7.208,6.9625,6.886666667,1,Aluno-164
RA-165,0.0,0.0,0.0,7.1,6.7,7.5,7.6,7.3,8.5,9.8,9.2,9.431042884999998,8.063,7.583433333,8.4627502436,8.13000000000001,8.125,7.96875,5.6,2.52,7.51,7.5,7.795,7.893333333,0,Aluno-165
RA-166,0.0,0.0,1.0,9.2,7.5,8.334,8.1,8.1,8.266666666666667,9.0,8.9,9.246,8.253,8.105583333,8.243183333333334,7.746000000000004,8.4375,7.5,6.3,6.26,6.5725,7.542,7.4625,7.5,0,Aluno-166
RA-167,-2.0,-2.0,-1.0,9.2,8.8,8.751,7.9,7.9,8.166666666666666,9.7,9.9,9.473684210666667,7.798,7.806141667,8.033470175466666,7.313999999999998,7.96875,8.375,5.6,5.0,6.26,7.833,7.8375,8.334,0,Aluno-167
RA-170,0.0,-2.0,-1.0,8.3,8.8,9.168,4.9,7.2,8.0,9.2,8.9,8.5,7.007,7.062433333,7.646383333300001,6.385999999999991,6.875,7.604166667,5.6,2.52,5.635,5.792,7.6725,8.028333333,0,Aluno-170
RA-171,-2.0,-2.0,-1.0,7.5,7.5,7.5,5.5,5.2,8.333333333333334,6.8,7.2,7.833333333333333,6.581,6.293083333,7.3289333333333335,7.4599999999999955,7.1875,7.625,7.5,5.0,5.635,6.875,6.755,7.598,0,Aluno-171
RA-175,-1.0,-1.0,-1.0,8.3,8.8,10.002,5.9,4.8,8.5,9.2,9.2,9.473684210666667,6.75,6.569516667,8.024136842133334,6.734000000000002,7.1875,7.5,5.6,2.52,6.26,5.833,7.085,7.766,0,Aluno-175
RA-176,0.0,0.0,1.0,9.6,9.6,9.585,6.9,8.0,8.833333333333334,9.1,9.5,9.545454545333333,8.427,8.316833333,8.828632575733334,8.903999999999991,8.125,8.59375,5.6,2.52,6.26,9.083,9.0025,8.545,0,Aluno-176
RA-178,0.0,0.0,0.0,0.0,7.9,9.585,6.3,5.9,4.166666666666667,8.8,8.7,8.739177489333334,7.025,7.406658333,7.234168831200001,8.734000000000002,7.65625,7.625,4.4,2.52,6.26,8.458,8.42,6.53,1,Aluno-178
RA-179,0.0,0.0,1.0,7.5,8.8,9.168,6.1,6.4,8.166666666666666,9.2,9.4,9.407894737,7.993,8.437641667,8.932712280733334,8.246000000000006,8.59375,8.75,7.5,7.52,9.38,8.042,8.9225,8.44,0,Aluno-179
RA-180,0.0,1.0,2.0,9.2,9.2,9.168,8.1,8.0,8.5,8.3,9.4,9.431818181666666,8.442,8.283216667,8.801463636333335,8.87,8.4375,8.125,6.3,2.52,7.51,8.625,8.92,8.674,0,Aluno-180
RA-181,0.0,0.0,0.0,9.2,9.6,7.5,6.8,6.8,4.333333333333333,9.5,8.3,8.737373737333334,8.623,7.671208333,7.439841414133334,8.713999999999986,7.96875,7.625,8.8,2.52,6.26,8.458,8.2525,8.436,1,Aluno-181
RA-183,0.0,-1.0,0.0,8.3,7.9,7.917,3.8,7.7,7.5,8.8,9.7,9.249011857666666,7.3,7.586241667,8.266902371533334,7.499999999999996,7.96875,8.25,7.5,2.52,6.26,7.25,8.795,8.372,0,Aluno-183
RA-184,-3.0,1.0,1.0,8.8,7.9,8.751,7.2,7.1,8.166666666666666,7.7,9.5,8.696741854666667,7.28,8.430241667,8.471456704266666,8.199999999999998,8.59375,7.96875,7.5,7.52,6.26,8.0,8.5025,9.004,0,Aluno-184
RA-186,0.0,0.0,1.0,8.3,7.5,7.917,6.6,6.9,7.166666666666667,8.5,9.7,9.640151515,7.832,7.817541667,8.325963636333334,7.319999999999993,7.96875,8.125,7.5,2.52,6.26,7.5,8.46,8.672,0,Aluno-186
RA-187,0.0,0.0,0.0,8.8,7.5,8.751,5.8,6.9,7.833333333333333,8.9,9.9,9.537037037,7.928,7.809875,8.568424074066666,7.745999999999995,7.96875,8.4375,7.5,2.52,5.635,7.917,8.255,9.06,0,Aluno-187
RA-189,-1.0,0.0,0.0,10.0,7.9,10.002,7.2,6.5,8.166666666666666,9.7,9.4,10.0,7.629,7.727325,8.586533333333334,7.823999999999991,8.28125,6.875,5.0,2.52,6.255,7.333,8.3775,8.2,0,Aluno-189
RA-191,0.0,0.0,2.0,10.0,0.0,7.5,7.2,7.8,6.3999999999999995,9.4,9.7,9.571,8.74,7.263666667,7.7887,8.399999999999999,8.125,7.5,8.8,2.52,5.945,8.5,8.4625,7.5,0,Aluno-191
RA-192,-2.0,-2.0,-2.0,8.8,8.8,8.334,2.7,6.5,7.166666666666667,3.6,6.2,6.363636363666667,4.932,6.616016667,6.882960606066668,6.003999999999997,7.1875,7.125,7.5,5.0,7.51,4.708,7.3775,6.9,0,Aluno-192
RA-193,0.0,1.0,1.0,9.2,8.3,8.751,6.7,6.5,7.0,8.9,9.4,9.848484848333333,8.155,7.718566667,8.465046969666668,8.54999999999999,8.125,8.4375,5.6,2.52,6.26,8.5,8.17,8.7525,0,Aluno-193
RA-195,0.0,0.0,1.0,8.8,7.1,7.5,6.3,6.0,7.833333333333333,9.2,9.2,9.682539682666667,8.017,7.60205,8.4690496032,8.869999999999997,8.4375,7.96875,5.0,2.52,6.26,8.25,8.79,8.965,0,Aluno-195
RA-196,0.0,1.0,1.0,9.2,7.9,8.751,5.1,6.2,8.0,9.1,9.0,9.689754689666666,8.124,7.560991667,8.823550937933334,8.890000000000006,8.28125,8.75,7.5,2.52,7.51,8.625,8.2125,8.9225,0,Aluno-196
RA-197,0.0,1.0,0.0,8.8,8.3,7.5,7.3,7.2,8.333333333333334,9.7,9.8,9.848484848333333,8.218,7.967608333,8.568238636333334,8.395999999999995,7.96875,7.96875,4.4,2.52,6.26,8.292,8.46,8.795,1,Aluno-197
RA-199,0.0,-1.0,-1.0,8.3,9.2,8.334,7.5,8.5,7.166666666666667,7.1,7.6,7.554824561666667,7.564,7.892341667,7.419398245666667,7.723999999999999,7.96875,8.125,7.5,7.51,6.88,6.458,8.505,8.206,1,Aluno-199
RA-202,-1.0,-1.0,-1.0,0.0,8.8,8.334,5.4,5.9,7.5,5.2,7.9,7.880952381,5.201,6.791641667,7.3512154762,7.575999999999996,7.96875,7.65625,4.4,2.52,6.26,6.917,8.005,7.75,0,Aluno-202
RA-204,0.0,0.0,0.0,7.9,8.8,9.168,7.4,7.1,7.5,6.7,7.9,6.827094474333333,6.943,7.557558333,7.838218894866668,7.513999999999991,8.28125,7.125,4.4,2.52,6.26,5.708,8.045,8.5875,0,Aluno-204
RA-211,0.0,0.0,0.0,9.2,9.6,9.585,7.6,7.1,7.0,8.8,9.4,9.379509379666667,8.465,8.024791667,8.283601875933334,8.234000000000004,7.65625,7.25,7.5,2.52,7.51,8.458,8.71,7.866,0,Aluno-211
RA-215,0.0,0.0,0.0,6.7,8.8,7.084,7.8,6.9,5.666666666666667,5.8,6.6,6.455627705333334,7.172,7.166475,7.045258874400002,7.236,7.96875,8.0,7.5,2.52,6.26,6.542,7.7125,7.432,1,Aluno-215
RA-217,-2.0,-1.0,-1.0,7.9,8.3,8.334,7.1,5.6,7.833333333333333,8.5,8.6,8.917748917666666,7.397,6.96965,7.4209164502,7.786,8.4375,7.125,7.5,2.52,6.26,7.292,8.5025,6.994,0,Aluno-217
RA-220,0.0,0.0,0.0,0.0,8.8,8.751,6.5,6.1,6.833333333333333,8.1,7.6,8.198051948,7.028,7.102016667,7.6987770562666675,7.913999999999994,7.1875,7.25,7.5,2.52,6.26,7.833,7.5475,7.332,0,Aluno-220
RA-227,0.0,0.0,0.0,9.2,9.6,9.585,3.3,6.9,6.5,6.4,7.5,8.097577276666668,6.471,7.722125,8.074015455333335,6.943999999999996,8.28125,7.5,7.5,5.63,9.38,5.833,7.4625,7.54,0,Aluno-227
RA-229,0.0,1.0,1.0,10.0,9.2,9.585,6.9,7.8,8.833333333333334,9.4,9.8,9.841269841333334,8.62,8.207591667,8.852545634933334,9.099999999999993,8.28125,8.28125,7.5,2.52,5.635,8.5,8.42,8.8375,0,Aluno-229
RA-236,0.0,0.0,0.0,9.6,10.0,9.168,3.7,4.5,4.5,7.5,7.5,7.890668700666666,7.11,7.337116667,6.980833740133334,7.183999999999999,7.1875,6.875,7.5,7.52,6.26,7.208,7.2975,6.362,1,Aluno-236
RA-237,-1.0,-1.0,-1.0,10.0,8.3,8.751,7.8,6.7,7.666666666666667,9.0,9.5,9.689754689666666,8.084,7.436566667,7.931384271366667,7.905999999999993,8.125,7.916666667,7.5,2.52,6.26,8.417,8.96,8.336666667,0,Aluno-237
RA-239,-2.0,-2.0,-3.0,0.0,0.0,8.751,3.7,7.0,6.666666666666667,3.7,8.4,6.361737677333333,4.572,6.411333333,6.782180868800001,6.503999999999996,8.125,7.875,7.5,5.0,5.635,5.958,7.6275,8.502,1,Aluno-239
RA-241,-1.0,-1.0,2.0,10.0,0.0,10.002,7.7,7.5,6.816666666666667,10.0,9.9,9.891666667,8.468,7.016,8.311616666733334,8.529999999999998,8.75,7.5,7.5,2.52,7.1975,9.125,9.545,7.5,0,Aluno-241
RA-242,0.0,0.0,2.0,9.6,7.1,9.585,8.2,7.9,7.650000000000001,9.7,9.7,9.621,8.673,8.221841667,8.2887,8.313999999999998,8.59375,7.5,5.6,2.52,6.26,8.708,9.3775,7.5,0,Aluno-242
RA-244,0.0,1.0,1.0,7.5,0.0,7.5,7.8,7.3,9.5,9.4,8.8,10.0,8.51,7.044333333,8.7225,8.483999999999993,8.125,8.125,6.3,2.52,6.26,9.208,8.8325,8.17,0,Aluno-244
RA-245,-1.0,-1.0,2.0,10.0,0.0,9.168,8.4,8.1,8.033333333333333,9.9,10.0,9.953333333,8.656,7.171166667,8.452633333266668,8.960000000000003,8.75,7.5,7.5,2.52,6.885,9.25,9.5875,7.5,0,Aluno-245
RA-246,0.0,0.0,2.0,8.3,8.8,8.334,7.6,6.8,0.0,9.4,9.9,0.0,8.639,8.256766667,4.7404,8.255999999999997,8.125,7.5,7.5,4.39,6.57,9.167,8.9175,7.5,1,Aluno-246
RA-247,0.0,0.0,0.0,8.3,0.0,0.0,5.8,7.2,4.333333333333333,8.2,8.5,8.306595365666666,7.72,7.221958333,6.646485739800001,7.649999999999997,8.28125,7.75,7.5,7.52,6.26,7.875,7.5425,8.5875,1,Aluno-247
RA-249,-1.0,-2.0,-2.0,6.7,0.0,7.083,2.9,4.9,5.0,7.4,8.2,6.645021645,5.097,5.444625,6.125104328999999,5.085999999999999,5.15625,6.75,5.0,5.0,5.0,4.292,6.545,7.064,0,Aluno-249
RA-250,0.0,0.0,0.0,8.3,0.0,9.168,6.6,8.3,9.166666666666666,8.6,9.3,9.629629629666667,7.958,7.598208333,9.049892592566668,8.129999999999999,7.96875,8.958333333,7.5,5.63,6.88,7.625,8.625,8.95,0,Aluno-250
RA-251,-2.0,-1.0,-1.0,10.0,9.6,8.751,6.3,5.3,4.5,8.1,8.0,8.612836439,7.022,6.665208333,6.7135006212,7.570000000000001,7.34375,6.875,5.6,2.52,5.63,6.625,7.835,7.326666667,0,Aluno-251
RA-260,0.0,0.0,0.0,10.0,9.2,8.751,5.0,6.1,7.0,8.2,9.9,9.674603174666666,7.44,8.080008333,8.448920634933334,7.584000000000006,7.34375,7.875,7.5,7.52,7.51,6.458,7.4175,8.502,0,Aluno-260
RA-262,-2.0,-2.0,-2.0,0.0,0.0,7.917,3.4,3.8,4.166666666666667,5.8,3.7,4.854560643666667,4.786,4.406458333,5.806145462066667,7.609999999999997,7.03125,7.0,5.6,5.0,7.51,5.625,6.05,6.296,0,Aluno-262
RA-269,0.0,0.0,2.0,9.2,9.6,9.168,8.9,7.4,8.200000000000001,8.6,9.0,9.6,8.231,8.116041667,8.4773,7.309999999999999,8.59375,7.5,6.3,2.52,7.505,7.25,8.7975,7.5,0,Aluno-269
RA-270,0.0,0.0,2.0,8.3,9.2,9.168,7.9,6.6,0.0,8.4,9.0,0.0,8.226,7.982633333,4.79255,8.210000000000006,8.75,7.5,6.9,2.52,6.2575,8.125,9.1275,7.5,1,Aluno-270
RA-271,-2.0,-2.0,-1.0,9.2,0.0,9.168,7.1,5.9,7.333333333333333,8.5,9.3,8.958333333333334,7.255,6.140333333,7.400633333333334,7.633999999999996,8.125,7.5,5.6,2.52,6.26,6.958,7.7125,6.7475,0,Aluno-271
RA-273,-1.0,-1.0,-1.0,9.2,7.9,9.168,3.0,5.0,4.5,5.3,7.4,7.323153899,5.679,6.337116667,6.5991307798,6.824000000000005,7.8125,8.125,7.5,2.52,6.26,5.833,7.6275,6.896,0,Aluno-273
RA-274,1.0,1.0,2.0,7.9,7.5,8.334,8.1,7.5,9.333333333333334,8.3,9.5,9.648148147999999,7.946,8.137625,8.651029629666667,7.259999999999993,7.65625,8.125,7.5,5.63,5.635,7.0,8.295,8.226666667,0,Aluno-274
RA-277,-1.0,-1.0,2.0,7.1,8.3,8.334,7.4,5.5,6.8999999999999995,8.8,9.9,9.741666667,7.411,7.7284,8.0689833334,7.6939999999999875,8.125,7.5,7.5,7.52,6.5725,7.208,8.7525,7.5,0,Aluno-277
RA-278,0.0,1.0,1.0,8.8,0.0,9.168,6.0,5.6,9.333333333333334,9.2,9.8,9.855072463666666,7.741,7.1935,8.907314492800001,7.775999999999996,8.75,8.125,5.6,5.63,7.51,7.417,8.3775,7.946666667,0,Aluno-278
RA-279,0.0,0.0,1.0,9.2,8.8,9.168,9.1,8.9,9.333333333333334,9.9,10.0,10.0,8.815,9.006266667,9.113133333366667,8.233999999999988,8.75,8.333333333,6.3,6.27,7.51,8.208,9.2125,8.726666667,0,Aluno-279
RA-280,0.0,0.0,1.0,7.5,6.7,7.917,7.1,6.5,9.333333333333334,9.2,9.5,9.855072463666666,8.046,8.189225,8.822714492700001,8.193999999999994,8.28125,8.333333333,7.5,7.52,6.26,7.333,8.7125,8.67,0,Aluno-280
RA-283,-1.0,-2.0,-2.0,9.6,8.3,8.751,5.6,6.8,8.0,8.8,9.5,9.761904762,7.131,7.549025,7.9444309524,7.1599999999999975,7.03125,7.8125,7.5,7.52,6.885,6.625,7.5025,7.736,0,Aluno-283
RA-286,-2.0,-1.0,-1.0,7.1,0.0,6.666,3.0,4.7,3.1666666666666665,5.8,7.5,4.031862745000001,5.424,5.713333333,5.123180882333333,6.989999999999998,8.125,7.34375,6.3,5.0,6.26,5.625,7.3375,5.7825,1,Aluno-286
RA-291,0.0,0.0,2.0,8.3,8.8,8.751,8.0,7.1,6.166666666666667,8.2,8.6,9.737666667,8.122,8.493058333,7.9319666667333335,8.036000000000005,8.90625,7.5,6.9,7.52,6.26,7.792,9.21,7.5,1,Aluno-291
RA-299,0.0,0.0,1.0,7.1,0.0,8.751,6.8,6.1,8.166666666666666,8.2,9.6,8.963768115999999,7.278,6.796541667,8.177186956533333,7.263999999999995,7.96875,7.5,5.0,2.52,6.26,6.708,8.005,7.5,0,Aluno-299
RA-301,0.0,0.0,0.0,8.8,9.2,9.168,6.3,5.2,9.0,5.8,5.4,7.4947368423333325,6.802,6.760341667,8.410830701766667,7.335999999999996,6.71875,8.020833333,5.6,7.52,7.51,6.042,6.465,8.21,0,Aluno-301
RA-303,-1.0,-2.0,-2.0,7.5,0.0,8.751,3.9,5.1,5.666666666666667,7.2,7.3,3.9520467836666664,6.03,5.914291667,6.2443426900666665,7.349999999999996,7.65625,6.875,7.5,7.52,7.51,5.375,7.05,7.535,0,Aluno-303
RA-304,-2.0,-2.0,-3.0,8.8,0.0,10.002,4.3,5.7,7.166666666666667,7.7,8.8,7.826890756333333,6.355,6.241583333,6.852411484600001,7.166000000000001,7.8125,6.875,7.5,5.0,7.51,5.542,7.835,5.825,1,Aluno-304
RA-305,-1.0,-2.0,-1.0,7.9,0.0,8.334,4.8,5.2,4.833333333333333,6.6,8.9,7.898550724666666,6.058,6.394291667,6.693026811600001,6.963999999999994,7.65625,7.8125,7.5,7.52,6.26,5.208,7.75,7.03,0,Aluno-305
RA-306,-1.0,-1.0,-1.0,8.3,0.0,7.917,5.2,4.0,2.8333333333333335,6.8,7.9,7.699561403666666,6.427,5.732375,6.1661539474,7.553999999999991,7.34375,7.34375,7.5,6.26,7.51,5.958,7.46,6.4125,0,Aluno-306
RA-308,0.0,0.0,1.0,7.9,5.4,7.083,5.0,4.9,6.5,7.4,6.8,8.714912280666667,6.93,6.578558333,7.489282456133334,7.3659999999999926,7.03125,7.5,6.9,5.0,5.635,6.167,7.5025,7.1225,0,Aluno-308
RA-313,-1.0,0.0,-1.0,7.5,9.2,8.751,4.1,3.9,4.833333333333333,7.0,8.7,9.666666666666666,5.8,7.011091667,7.2528500000000005,6.52199999999999,7.65625,7.8125,5.0,2.52,5.63,5.889,7.75,8.1675,1,Aluno-313
RA-315,0.0,-1.0,-1.0,6.7,0.0,0.0,3.0,6.3,6.833333333333333,5.1,6.8,5.918518518666667,5.672,5.977708333,6.0768703704,6.207999999999991,7.96875,7.5,7.5,5.0,7.51,5.056,7.8375,7.6275,0,Aluno-315
RA-316,-1.0,0.0,0.0,10.0,10.0,9.168,6.1,5.7,8.0,10.0,9.5,10.0,7.889,8.436908333,8.708925,8.012000000000006,8.59375,7.65625,6.9,7.52,7.51,8.389,8.96,8.3775,0,Aluno-316
RA-318,-1.0,-1.0,-1.0,8.3,7.9,7.917,5.8,4.9,4.666666666666667,6.9,8.1,9.129629629666667,6.527,6.856575,7.025000925866668,7.448000000000001,7.96875,7.34375,6.9,6.26,7.51,6.111,7.71,7.443333333,0,Aluno-318
RA-319,0.0,0.0,0.0,9.2,9.6,9.585,5.2,7.2,5.833333333333333,7.7,9.2,9.024122807,7.448,8.367208333,7.948699561466667,6.980000000000004,8.59375,7.34375,7.5,5.0,7.51,7.5,8.88,7.666666667,1,Aluno-319
RA-320,-1.0,0.0,0.0,8.8,9.2,9.168,6.4,5.5,6.666666666666667,10.0,9.9,10.0,7.897,8.393508333,8.442258333333335,8.136000000000001,8.59375,7.65625,6.9,7.52,7.51,8.667,8.96,8.3775,0,Aluno-320
RA-321,0.0,1.0,1.0,9.2,8.3,7.917,5.2,6.2,7.166666666666667,9.1,9.4,9.534706331,7.792,7.695233333,8.125807932933334,7.963999999999993,8.125,8.125,5.6,2.52,6.26,8.278,8.42,7.776666667,0,Aluno-321
RA-325,0.0,0.0,0.0,9.5,0.0,9.168,6.0,5.6,7.0,6.8,7.1,9.866666666666667,7.619,6.243,8.385133333233336,6.7019999999999875,8.125,8.333333333,7.5,5.0,7.51,8.444,7.0025,7.553333333,0,Aluno-325
RA-326,-1.0,0.0,1.0,10.0,9.6,9.168,9.0,8.2,9.333333333333334,9.7,9.4,8.973112128333334,8.22,8.65075,8.832389092333335,6.912000000000007,9.0625,8.875,5.0,3.14,6.26,8.944,9.76,8.704,0,Aluno-326
RA-331,-1.0,0.0,-1.0,9.0,9.6,8.751,3.7,5.2,3.5,8.7,8.6,7.735353535333334,6.636,7.039791667,6.231045707066668,6.171999999999997,7.03125,6.09375,7.5,2.52,8.755,6.944,6.7975,5.62,1,Aluno-331
RA-332,-1.0,-1.0,1.0,9.5,9.2,9.585,7.5,6.8,7.0,9.0,8.4,7.605358505000001,7.883,8.002591667,8.421271701,6.229999999999998,8.28125,8.625,8.1,8.76,9.38,8.5,9.175,8.706,0,Aluno-332
RA-336,-1.0,-1.0,0.0,9.5,0.0,7.5,5.1,5.1,5.833333333333333,8.5,7.5,5.512100409000001,6.787,5.887708333,6.834286748466667,5.99199999999999,7.34375,7.5,4.4,6.89,6.26,7.889,7.255,7.196,0,Aluno-336
RA-338,-1.0,0.0,0.0,8.5,8.3,9.168,5.8,6.7,6.833333333333333,7.3,9.1,7.441643324,6.837,8.287441667,8.052795331466667,5.947999999999995,8.59375,7.625,7.5,7.52,7.51,7.611,8.38,8.8375,1,Aluno-338
RA-339,0.0,0.0,1.0,6.9,0.0,7.5,8.1,7.1,8.166666666666666,9.9,8.9,7.155537064000001,8.488,7.377583333,7.711540746133334,6.70199999999999,7.8125,8.0,7.5,7.52,5.635,8.889,8.255,7.668,0,Aluno-339
RA-340,0.0,-1.0,0.0,9.0,0.0,7.917,6.5,8.9,5.166666666666667,8.2,9.6,6.585769980666666,7.721,7.059666667,6.715437329466668,5.976000000000005,9.166666667,6.5625,7.5,2.52,7.51,7.667,8.505,5.83,1,Aluno-340
RA-342,-2.0,-2.0,-1.0,9.0,7.5,8.751,6.6,6.6,4.5,6.7,8.6,7.728174603333334,6.941,7.539875,6.757026587266667,6.309999999999998,7.96875,7.65625,7.5,7.52,6.26,7.5,8.505,7.723333333,1,Aluno-342
RA-346,0.0,1.0,0.0,10.0,0.0,10.002,7.0,6.2,6.166666666666667,9.1,9.4,9.149206349333333,8.143,7.305541667,7.761749603200001,5.951999999999999,7.96875,7.96875,7.5,8.14,2.51,7.889,7.84,8.2525,1,Aluno-346
RA-347,-1.0,0.0,1.0,9.0,6.7,8.751,8.5,7.3,7.666666666666667,10.0,9.5,9.673046251999999,7.908,7.61835,8.384742583733333,6.480000000000001,7.8125,8.0,5.6,2.52,6.885,8.0,7.7925,7.766,0,Aluno-347
RA-352,0.0,0.0,1.0,9.0,9.2,8.334,7.0,7.2,3.1666666666666665,8.1,8.1,4.453748006333333,7.834,7.840341667,5.9794829346,6.7619999999999925,7.96875,6.375,5.6,6.26,6.26,8.389,7.17,6.7925,1,Aluno-352
RA-356,-1.0,0.0,1.0,10.0,9.2,8.334,4.6,3.4,5.333333333333333,8.4,8.5,6.656346749333334,6.69,6.452008333,6.627336016533334,4.344000000000001,6.09375,5.25,5.0,2.52,5.635,8.278,6.5025,6.5375,0,Aluno-356
RA-357,-1.0,-1.0,-1.0,8.0,8.5,8.751,8.5,8.7,7.666666666666667,9.6,9.6,9.028180354333333,7.836,8.2832,7.731569404200001,6.104000000000003,8.75,7.875,7.5,7.52,8.135,7.778,8.23,7.0825,1,Aluno-357
RA-359,-1.0,0.0,1.0,9.0,9.6,9.168,4.6,5.8,5.5,7.0,9.2,7.162698412666667,6.606,7.627125,7.492006349133335,6.359999999999997,7.65625,7.5,7.5,2.52,6.26,7.5,8.255,8.333333333,1,Aluno-359
RA-360,-1.0,0.0,-1.0,9.5,0.0,8.334,5.2,4.3,5.833333333333333,8.5,7.3,5.618045113,7.075,5.790875,6.293175689166667,6.349999999999998,7.34375,7.708333333,7.5,2.52,5.0,7.5,7.4225,6.993333333,1,Aluno-360
RA-363,-1.0,-1.0,0.0,10.0,0.0,9.585,2.0,6.8,5.333333333333333,10.0,9.9,9.523809524,6.644,6.680833333,7.617803571466666,6.427999999999998,8.541666667,7.34375,6.9,2.52,5.625,7.056,8.673333333,6.955,0,Aluno-363
RA-364,0.0,0.0,0.0,9.5,8.8,8.751,8.8,5.8,7.5,10.0,9.0,9.526143791,8.75,7.734891667,8.2697037582,6.566000000000001,7.03125,7.96875,7.5,6.89,7.51,8.167,7.505,7.2075,0,Aluno-364
RA-365,0.0,0.0,1.0,8.0,10.0,9.585,7.8,8.7,6.666666666666667,10.0,9.9,10.0,8.063,8.6587,8.526983333333334,6.364000000000001,8.958333333,8.4375,5.0,2.52,7.51,7.833,8.953333333,8.202,1,Aluno-365
RA-367,-1.0,0.0,1.0,8.5,8.8,9.168,6.7,5.9,5.0,7.4,8.7,7.268170426,6.95,7.38685,7.209434085200001,6.499999999999999,7.8125,6.875,6.3,2.52,6.26,7.5,7.7925,7.6275,1,Aluno-367
RA-368,-1.0,-1.0,-1.0,8.0,0.0,7.917,7.3,6.7,7.0,7.9,7.7,6.166666666666667,6.969,5.796458333,6.782158333333333,6.2900000000000045,7.03125,7.65625,5.0,2.52,7.51,7.5,7.34,6.7025,0,Aluno-368
RA-369,0.0,-1.0,0.0,9.0,10.0,8.751,4.8,4.0,1.6666666666666667,6.9,4.1,4.908119658333334,6.973,6.0197,5.667282265,6.052,8.541666667,6.40625,7.5,5.0,7.51,6.889,7.726666667,5.428,1,Aluno-369
RA-375,0.0,-1.0,0.0,9.0,0.0,9.585,5.4,7.9,6.833333333333333,9.5,9.9,9.443589743666667,7.831,7.070833333,7.970034615400001,6.675999999999999,8.541666667,7.1875,7.5,5.0,7.51,7.667,8.283333333,6.432,0,Aluno-375
RA-376,-1.0,-1.0,-1.0,9.0,8.5,10.002,4.3,5.9,2.8333333333333335,9.0,9.6,8.287284610666667,6.957,7.1392,5.896573588800001,6.469999999999998,7.916666667,6.5625,7.5,2.52,2.51,7.5,8.226666667,6.325,1,Aluno-376
RA-377,-1.0,0.0,0.0,9.0,9.6,9.168,6.2,4.8,5.166666666666667,7.7,7.6,7.698412698333333,6.743,7.205041667,7.480115873000001,6.364000000000001,7.34375,7.125,5.6,5.0,7.51,6.833,7.6275,7.634,0,Aluno-377
RA-381,-1.0,-1.0,-2.0,9.0,0.0,8.334,3.3,3.9,3.6666666666666665,8.3,8.4,6.133333333333333,6.454,5.758041667,5.940775,6.551999999999995,7.34375,6.71875,6.9,6.89,7.51,6.944,6.84,6.1225,1,Aluno-381
RA-382,-2.0,-2.0,-1.0,9.0,0.0,9.168,5.4,5.2,3.0,7.7,9.4,6.324561403666666,6.777,6.223833333,5.805712280733333,6.604000000000001,7.5,6.75,6.3,6.26,5.63,7.333,7.1725,6.43,1,Aluno-382
RA-383,0.0,0.0,1.0,9.0,9.2,9.168,8.1,6.5,5.833333333333333,9.6,8.8,8.600288600333334,8.4,7.5408,8.036024386733335,6.544000000000003,7.5,7.875,7.5,3.14,7.51,7.778,7.5,8.47,0,Aluno-383
RA-384,-1.0,0.0,0.0,9.0,0.0,7.5,8.1,7.3,7.5,8.4,9.1,8.607503607333333,7.558,6.757958333,8.072200721466668,6.279999999999997,7.65625,7.625,6.3,2.52,7.51,8.0,7.335,7.936,0,Aluno-384
RA-387,-1.0,-1.0,-1.0,7.0,0.0,7.5,3.7,3.0,4.333333333333333,8.2,6.8,7.166666666666667,6.323,4.794333333,6.125500000000001,6.264000000000003,6.875,6.25,7.5,2.52,7.51,6.833,7.0075,5.9975,0,Aluno-387
RA-388,-2.0,-2.0,-1.0,7.9,0.0,7.5,4.5,4.2,4.333333333333333,8.5,7.4,6.349206349,6.654,5.630833333,5.965307936466667,6.59599999999999,6.875,6.75,5.6,5.63,7.51,7.722,7.835,5.764,0,Aluno-388
RA-389,0.0,-1.0,0.0,8.0,0.0,9.585,3.5,8.2,5.166666666666667,8.9,8.2,6.674358974333333,7.184,6.687,7.2079551282,6.427999999999998,8.75,6.5625,7.5,2.52,8.76,7.556,8.95,6.745,0,Aluno-389
RA-390,-1.0,0.0,0.0,7.4,7.9,7.5,4.7,4.8,4.166666666666667,8.8,8.8,6.080701754333333,6.776,6.905741667,6.5472236842000004,6.615999999999988,7.34375,6.5625,6.3,2.52,8.755,7.722,7.005,6.08,1,Aluno-390
RA-392,-2.0,-2.0,-1.0,9.5,9.6,9.585,4.8,4.6,1.0,8.8,9.5,5.414731682,6.418,6.567208333,4.3639463364,3.323999999999998,6.09375,3.5,5.6,2.52,5.635,6.778,7.17,3.545,1,Aluno-392
RA-395,0.0,0.0,1.0,9.0,9.2,8.751,4.9,6.0,4.333333333333333,8.9,8.6,6.921693121666666,7.683,7.469175,7.169905291000001,6.063999999999991,7.96875,7.25,7.5,2.52,6.26,8.333,7.9175,8.464,1,Aluno-395
RA-397,-2.0,-1.0,-2.0,9.0,7.5,7.918,2.8,4.6,5.666666666666667,5.7,7.9,7.885292942666666,5.852,6.207083333,6.807291921866668,6.286000000000007,7.1875,7.625,6.9,2.52,5.63,7.167,7.465,7.398,1,Aluno-397
RA-398,0.0,1.0,0.0,9.0,6.7,7.083,5.5,6.5,8.0,9.3,8.1,5.733333333333333,7.742,7.153766667,7.2457999999666685,6.319999999999992,7.5,7.291666667,7.5,2.52,7.51,7.5,7.7925,6.553333333,1,Aluno-398
RA-40,-1.0,-1.0,0.0,7.9,7.5,7.083,6.8,5.9,5.333333333333333,7.8,8.2,7.211257310000001,7.203,7.169975,7.098051462066667,6.929999999999998,7.96875,8.125,7.5,7.52,8.13,7.75,7.755,6.276666667,1,Aluno-40
RA-401,-1.0,-1.0,0.0,6.9,4.0,6.666,4.3,7.3,4.833333333333333,9.6,8.1,6.839473684333334,6.645,6.363666667,6.728911403533334,5.805999999999991,7.083333333,6.5625,7.5,2.52,6.885,6.722,7.116666667,6.915,0,Aluno-401
RA-402,-1.0,0.0,0.0,9.0,9.2,7.5,3.0,4.2,4.166666666666667,3.7,7.3,3.074074074,5.261,6.632716667,5.683064814833333,5.765999999999993,7.8125,6.354166667,5.0,2.52,6.26,7.222,6.88,6.1175,1,Aluno-402
RA-403,-1.0,-1.0,0.0,9.5,8.5,8.751,6.3,7.8,7.666666666666667,9.3,8.8,7.361111111,7.455,7.716366667,8.008488888833334,6.349999999999998,7.291666667,8.541666667,7.5,6.27,7.51,7.5,8.45,7.613333333,0,Aluno-403
RA-404,-1.0,-1.0,0.0,9.0,7.9,8.334,5.3,6.0,5.666666666666667,7.3,8.3,6.286274509666666,6.658,6.7093,6.624588235266668,5.992000000000008,6.875,7.5,7.5,5.02,2.51,6.944,6.89,6.998,1,Aluno-404
RA-407,-1.0,-1.0,0.0,8.5,9.6,8.334,6.0,7.3,3.6666666666666665,9.3,8.6,7.614522417333333,7.195,7.665083333,7.0875128168,6.237999999999997,7.8125,7.96875,7.5,7.52,6.26,7.056,7.5,7.875,1,Aluno-407
RA-408,-1.0,-1.0,0.0,8.0,7.9,7.5,3.3,6.8,4.833333333333333,9.7,8.5,4.981481481666667,6.725,7.242133333,6.5276296297,6.083999999999992,8.333333333,7.083333333,7.5,3.77,7.51,7.333,8.45,6.776666667,1,Aluno-408
RA-409,0.0,-1.0,0.0,7.9,8.4,9.585,7.8,8.0,7.166666666666667,9.7,9.5,9.231481481333333,8.15,7.621466667,8.225462962900002,6.099999999999999,7.916666667,7.916666667,7.5,2.52,7.51,7.5,8.73,7.223333333,0,Aluno-409
RA-411,-1.0,0.0,0.0,6.4,6.2,7.083,7.1,6.6,4.833333333333333,8.6,9.0,9.148148147999999,7.232,7.779983333,7.279762962966667,6.354000000000002,7.8125,7.291666667,7.5,7.52,5.635,7.833,7.5425,7.4125,1,Aluno-411
RA-412,-1.0,0.0,0.0,8.5,8.8,8.334,7.3,6.2,7.333333333333333,9.0,8.9,8.456140351,7.556,7.373891667,8.044378070166667,6.404000000000001,7.03125,8.020833333,7.5,2.52,6.26,7.778,7.585,8.125,0,Aluno-412
RA-414,-1.0,0.0,0.0,8.0,0.0,7.917,5.9,6.5,6.0,9.3,9.5,8.429629629666666,7.284,7.25025,7.187625925933334,6.605999999999989,7.8125,6.25,7.5,7.52,7.51,7.667,7.585,5.67,1,Aluno-414
RA-416,-1.0,0.0,1.0,9.5,9.2,8.751,7.2,7.6,8.0,9.3,9.8,8.972709551666666,7.913,8.144425,8.700808577033333,6.385999999999994,8.28125,8.541666667,8.8,2.52,7.51,8.222,8.3375,9.13,0,Aluno-416
RA-417,-1.0,0.0,0.0,10.0,5.4,8.334,8.0,7.8,8.833333333333334,10.0,9.7,8.401559454333333,8.428,8.257658333,8.533628557533333,6.668000000000012,8.28125,8.4375,7.5,7.52,7.51,9.556,8.2125,8.2925,0,Aluno-417
RA-418,0.0,1.0,1.0,8.0,8.8,8.751,7.5,8.1,9.333333333333334,9.4,10.0,10.0,8.175,8.1686,9.125183333366667,6.006000000000009,8.125,8.229166667,7.5,2.52,7.51,8.222,8.045,9.0475,0,Aluno-418
RA-419,-1.0,0.0,1.0,7.5,6.7,7.083,6.9,7.6,8.166666666666666,9.2,9.5,9.382456140666667,7.359,7.7261,8.355707894766669,6.512000000000002,8.125,8.020833333,5.6,2.52,6.26,8.389,7.875,8.5475,0,Aluno-419
RA-42,0.0,-1.0,-1.0,8.3,8.8,9.168,4.8,5.7,8.166666666666666,7.9,8.6,9.682539682666667,6.72,6.794516667,7.656628769866667,5.733999999999995,6.5625,6.796875,5.6,5.63,5.635,6.083,6.6675,7.134,0,Aluno-42
RA-420,0.0,0.0,1.0,9.5,8.3,8.334,4.5,5.3,4.0,9.0,9.3,9.557894737,7.461,7.356358333,7.544228947400001,6.509999999999998,7.65625,7.8125,5.6,2.52,6.26,8.0,7.96,7.96,0,Aluno-420
RA-421,0.0,0.0,1.0,8.5,9.2,8.751,8.8,7.3,6.666666666666667,9.3,9.9,9.540744978333334,8.717,8.030716667,8.488232329,6.748,7.8125,9.0625,7.5,2.52,7.51,9.111,8.17,8.572,0,Aluno-421
RA-422,-1.0,-1.0,-1.0,8.5,0.0,7.5,2.5,4.4,2.8333333333333335,10.0,7.8,6.157407407333333,6.746,5.57,5.544981481433334,6.4600000000000035,6.666666667,6.458333333,7.5,7.52,7.51,7.5,6.106666667,5.5,1,Aluno-422
RA-423,-1.0,-1.0,0.0,8.4,8.0,5.833,2.3,3.4,4.333333333333333,9.6,8.7,6.501135191,6.647,6.607533333,6.616193704866666,6.4360000000000035,7.083333333,6.875,7.5,6.89,8.13,7.667,7.45,6.8275,0,Aluno-423
RA-424,-1.0,0.0,0.0,9.0,8.8,8.334,7.5,6.4,3.3333333333333335,10.0,9.9,9.616228070333333,7.94,7.72685,7.341187280733334,6.456000000000004,7.8125,7.34375,7.5,2.52,7.51,8.222,7.7925,7.1625,1,Aluno-424
RA-425,-1.0,0.0,0.0,9.0,9.2,10.002,9.0,7.5,9.0,10.0,9.9,10.0,8.117,8.10555,9.016616666700001,6.6700000000000115,7.8125,8.229166667,7.5,2.52,6.26,7.5,8.3775,8.8375,0,Aluno-425
RA-426,-2.0,-1.0,-1.0,9.0,5.4,7.917,4.6,5.0,4.833333333333333,6.5,7.6,7.9050567596666665,6.35,6.329158333,6.6430030186,5.5779999999999985,7.65625,7.65625,7.5,5.0,4.38,7.111,7.5425,8.0,0,Aluno-426
RA-428,-1.0,0.0,0.0,6.8,8.3,9.168,9.5,7.2,5.0,8.7,9.5,8.898245614,7.683,7.821816667,7.534949122800001,6.90799999999999,7.8125,7.5,7.5,2.52,5.635,7.111,8.0425,7.625,1,Aluno-428
RA-432,-2.0,-2.0,-1.0,10.0,8.8,7.501,5.1,5.2,5.5,6.8,9.0,10.0,6.34,6.850183333,7.167975,6.377999999999999,7.8125,7.34375,5.0,2.52,6.26,6.611,8.0425,7.2875,0,Aluno-432
RA-433,-1.0,-1.0,0.0,8.5,8.5,7.918,2.6,4.8,4.833333333333333,7.3,7.2,8.380952381,5.557,6.5982,7.218157142866668,5.7140000000000075,5.833333333,6.875,5.0,7.52,8.13,5.778,7.613333333,6.415,0,Aluno-433
RA-434,0.0,-1.0,0.0,9.0,6.3,7.084,5.7,6.6,5.5,8.1,8.0,5.061904762,7.403,7.069766667,6.610947619100001,6.374,7.5,7.291666667,7.5,7.52,7.51,6.778,7.613333333,6.55,1,Aluno-434
RA-438,0.0,0.0,-1.0,8.0,6.9,9.168,7.3,5.4,8.25,8.7,7.5,8.6630434785,7.764,6.9883,7.930283695700001,6.362000000000001,6.458333333,7.96875,7.5,6.26,7.51,6.889,7.223333333,7.915,1,Aluno-438
RA-442,0.0,0.0,1.0,10.0,0.0,8.334,7.5,5.8,5.0,8.2,7.6,5.9151960783333335,8.226,6.814166667,6.905439215666667,6.916000000000011,7.5,7.5,7.5,7.52,5.635,8.222,8.1275,7.8775,0,Aluno-442
RA-444,0.0,1.0,-1.0,9.0,0.0,8.334,3.1,4.7,3.6666666666666665,7.2,7.9,6.377276524666667,6.665,5.958791667,5.410188638266668,6.493999999999995,6.40625,6.25,5.0,5.0,2.51,7.778,6.4575,5.96,1,Aluno-444
RA-445,-1.0,-1.0,0.0,9.0,8.0,7.917,3.8,8.4,4.0,9.4,8.8,8.715873016,6.924,7.9087,7.3416246032,6.340000000000008,8.541666667,7.8125,7.5,6.89,7.51,7.5,8.176666667,7.3725,1,Aluno-445
RA-45,0.0,0.0,0.0,7.9,7.1,7.5,6.8,7.9,8.0,8.9,9.6,9.619047619,7.591,8.303591667,8.743476190400001,6.175999999999995,8.28125,8.75,5.6,6.26,9.38,7.417,8.1725,8.283333333,0,Aluno-45
RA-450,-1.0,-1.0,-1.0,10.0,9.6,8.751,7.5,5.4,7.5,9.1,8.4,8.954191033333332,7.843,6.819625,7.526188206666666,6.507999999999994,7.65625,7.8125,7.5,2.52,5.63,8.111,7.9175,7.58,0,Aluno-450
RA-454,-2.0,-2.0,-2.0,9.5,0.0,9.585,2.3,2.6,3.6666666666666665,8.6,7.5,6.633138401666667,5.561,4.603416667,5.8522943469666675,3.4220000000000006,4.6875,5.416666667,5.0,5.0,6.255,5.444,5.54,5.833333333,0,Aluno-454
RA-456,-1.0,-1.0,0.0,6.4,0.0,7.083,7.3,9.9,6.5,8.2,8.3,9.382456140333334,7.193,7.518,8.331124561366668,6.452,9.583333333,9.166666667,6.3,4.39,7.51,8.389,9.953333333,8.893333333,0,Aluno-456
RA-457,-1.0,0.0,1.0,8.0,7.5,8.334,8.5,8.1,8.666666666666666,8.8,8.6,8.743961352333335,7.68,8.256833333,8.5892756038,6.365999999999989,8.125,9.6875,7.5,7.52,7.51,7.667,8.045,7.77,0,Aluno-457
RA-458,-1.0,-1.0,-1.0,8.0,9.6,8.751,5.6,3.8,4.0,7.7,6.9,3.7396825396666666,6.512,6.312083333,5.680161507933333,6.353999999999995,7.1875,7.03125,7.5,7.52,6.88,5.833,6.2475,6.83,1,Aluno-458
RA-459,-1.0,0.0,0.0,7.0,6.7,7.917,7.3,8.3,4.666666666666667,9.1,9.3,8.454106280333333,7.28,8.240016667,7.233804589400001,5.455999999999996,7.1875,7.8125,8.1,7.52,5.635,7.222,7.88,7.366,1,Aluno-459
RA-461,-1.0,-1.0,0.0,0.0,7.3,8.751,3.8,7.4,4.5,6.7,7.9,9.182446312,5.451,7.2379,7.5447559291,6.565999999999998,8.541666667,7.708333333,7.5,3.77,7.51,7.222,8.616666667,7.056666667,0,Aluno-461
RA-464,-1.0,-1.0,-1.0,7.5,9.2,9.168,4.8,3.0,4.333333333333333,8.0,7.7,7.851461988333334,6.745,6.081675,6.872009064333334,6.405999999999998,7.96875,7.1875,7.5,2.52,8.76,7.722,7.38,7.1175,0,Aluno-464
RA-466,-1.0,-2.0,-1.0,8.5,9.5,8.751,3.3,4.5,4.0,9.7,7.6,7.223245614,6.826,6.595533333,6.778749122800001,6.1479999999999935,6.25,7.5,7.5,6.89,8.76,7.556,7.056666667,7.665,0,Aluno-466
RA-467,-1.0,-1.0,0.0,5.8,6.3,7.917,5.5,5.2,6.833333333333333,8.4,9.2,9.140350877333333,6.38,6.552916667,7.7298118421333335,5.97799999999999,7.1875,7.34375,5.0,3.14,5.01,7.111,7.5425,7.54,0,Aluno-467
RA-469,0.0,-1.0,0.0,9.0,7.5,9.168,5.7,7.8,5.0,9.6,9.3,9.498366013,7.624,7.482533333,7.684639869300001,5.973999999999999,7.916666667,7.291666667,5.0,2.52,7.51,7.833,8.843333333,6.94,0,Aluno-469
RA-470,-1.0,-1.0,0.0,8.0,8.8,9.585,6.3,4.9,3.3333333333333335,9.7,9.2,8.011695906666667,7.378,6.993766667,6.981130848,6.280000000000001,7.5,7.03125,7.5,5.0,7.51,7.5,7.71,6.4975,1,Aluno-470
RA-471,-1.0,0.0,0.0,3.5,0.0,0.0,6.3,5.0,5.5,8.5,9.0,7.027568922333333,6.535,6.855541667,6.635847117766667,6.138000000000001,7.96875,7.708333333,5.0,6.27,7.51,8.056,8.125,8.0425,1,Aluno-471
RA-472,-1.0,-1.0,-1.0,9.0,5.1,7.502,2.0,5.5,6.25,7.0,7.1,7.48447205,5.93,6.6858,6.6397610766,5.687999999999991,7.708333333,6.25,7.5,7.52,7.51,7.056,8.223333333,6.333333333,1,Aluno-472
RA-474,-1.0,-1.0,-1.0,9.5,0.0,9.168,3.0,3.3,3.0,9.1,7.8,5.818518518666667,6.446,5.283583333,6.024753703733333,6.2599999999999945,7.1875,7.1875,7.5,5.0,7.51,6.0,6.7575,6.8725,0,Aluno-474
RA-476,-1.0,0.0,0.0,9.0,7.9,7.917,5.5,4.1,4.5,9.3,7.0,6.5964912280000005,6.931,6.492408333,6.7359982456,6.197999999999992,7.34375,6.25,4.4,2.52,7.51,7.556,7.505,6.745,0,Aluno-476
RA-479,-1.0,0.0,1.0,8.0,9.0,9.168,9.8,9.7,9.666666666666666,9.2,10.0,9.866666666666667,8.465,8.988866667,8.901966666666668,7.15,9.791666667,9.375,7.5,2.52,2.51,9.5,9.6375,9.45,1,Aluno-479
RA-48,0.0,0.0,0.0,6.7,6.7,7.917,8.1,7.7,7.5,8.4,8.4,8.339076859,8.006,7.797058333,8.402390371800001,5.8599999999999985,7.65625,8.59375,7.5,6.26,9.375,8.5,7.6275,8.23,0,Aluno-48
RA-480,-1.0,-1.0,0.0,9.0,10.0,6.25,6.3,7.9,5.0,8.8,9.7,8.0714285715,7.502,8.226408333,7.260202380900001,6.431999999999995,7.96875,7.8125,7.5,7.52,7.51,8.444,8.336666667,7.443333333,1,Aluno-480
RA-483,-1.0,-2.0,-1.0,9.0,9.0,8.502,2.4,5.6,5.25,4.8,6.0,5.6428571430000005,5.263,6.3972,6.578604762,5.563999999999996,7.916666667,8.125,5.0,2.52,6.26,6.833,8.166666667,8.056666667,0,Aluno-483
RA-484,-1.0,-1.0,0.0,9.5,6.4,8.334,6.5,3.6,0.0,8.7,7.5,3.9141382866666667,6.71,5.515466667,3.8354776573333336,4.421999999999997,5.416666667,3.4375,5.0,2.52,2.51,6.389,6.8,3.1225,1,Aluno-484
RA-487,-1.0,0.0,0.0,7.5,8.5,9.168,9.6,9.5,9.666666666666666,9.7,9.9,9.441269841333334,8.417,8.988866667,9.4171373016,6.9040000000000035,9.166666667,9.0625,7.5,5.0,9.38,9.333,9.26,9.1725,0,Aluno-487
RA-490,-1.0,0.0,1.0,7.9,7.9,9.168,7.7,5.8,6.166666666666667,8.2,7.9,5.5110047846666665,7.576,7.429466667,7.368084290266667,6.115999999999999,8.541666667,7.8125,7.5,2.52,8.755,8.722,9.0075,7.295,1,Aluno-490
RA-491,-1.0,0.0,-1.0,7.5,9.5,7.502,7.0,5.0,5.25,9.7,9.6,9.011904762,7.461,7.560533333,6.995247619100001,5.765999999999997,7.708333333,7.083333333,7.5,2.52,7.51,7.722,8.3375,7.166666667,1,Aluno-491
RA-493,0.0,0.0,1.0,10.0,9.5,10.002,7.2,6.0,3.1666666666666665,9.4,9.6,8.933333333333334,8.306,7.934366667,7.4643250000000005,5.803999999999987,8.541666667,7.03125,7.5,2.52,10.0,8.278,8.84,6.705,1,Aluno-493
RA-494,-1.0,-1.0,0.0,6.4,6.9,7.5,5.8,6.8,6.333333333333333,8.3,9.0,7.329323308333333,6.407,7.116633333,7.922281328333334,5.581999999999995,7.708333333,7.8125,5.0,2.52,8.755,6.944,8.71,8.915,0,Aluno-494
RA-496,-1.0,-1.0,0.0,8.5,0.0,10.002,5.7,8.3,5.666666666666667,6.8,7.1,5.315995871999999,6.683,6.603666667,6.726607507733334,5.7179999999999875,7.916666667,6.71875,7.5,5.0,6.255,7.556,8.71,6.1625,0,Aluno-496
RA-497,-2.0,-2.0,-1.0,6.9,5.3,7.502,5.1,3.5,1.0,9.2,8.7,6.095238095,6.323,5.7191,4.4960809524,6.064000000000009,6.25,5.625,5.0,2.52,5.63,5.833,6.885,3.506666667,1,Aluno-497
RA-499,-1.0,0.0,0.0,8.5,7.9,8.502,8.2,6.6,4.75,10.0,10.0,9.0476190475,7.826,7.8883,7.5794738095000005,5.971999999999997,8.75,7.1875,7.5,2.52,7.51,7.444,8.2975,7.5,1,Aluno-499
RA-500,-1.0,0.0,0.0,9.0,9.5,9.585,9.5,7.9,6.666666666666667,10.0,10.0,10.0,8.232,8.427533333,8.077708333333334,6.041999999999989,8.958333333,8.59375,7.5,2.52,2.51,7.889,8.7975,8.3775,1,Aluno-500
RA-501,0.0,-1.0,0.0,8.5,7.0,7.002,6.8,8.9,8.75,8.8,8.4,7.9949874685,7.794,8.1357,8.2779474937,6.073999999999988,8.541666667,8.4375,7.5,7.52,7.51,7.333,9.396666667,8.17,0,Aluno-501
RA-502,1.0,0.0,0.0,9.5,8.5,9.002,7.4,8.0,8.0,9.7,9.8,9.761904762,8.287,8.749075,8.5023309524,6.114000000000002,7.96875,9.0625,7.5,7.52,3.755,7.778,8.95,8.84,1,Aluno-502
RA-503,-1.0,0.0,1.0,8.5,9.5,9.585,8.8,8.7,7.666666666666667,10.0,10.0,9.824561403666666,7.95,8.4682,8.547495614066667,5.899999999999994,8.75,7.8125,7.5,2.52,7.51,7.5,8.255,7.7925,0,Aluno-503
RA-508,-1.0,0.0,1.0,8.0,6.4,7.083,4.5,7.5,4.666666666666667,7.4,8.6,5.567251461999999,6.575,7.671633333,6.771708625733333,6.337999999999995,8.333333333,7.65625,7.5,2.52,7.51,7.556,8.6725,7.5,1,Aluno-508
RA-509,-2.0,-1.0,0.0,9.0,8.5,9.168,9.2,8.6,6.0,8.2,8.1,6.363636363666667,7.808,7.606033333,6.918152272733334,6.114000000000002,8.958333333,8.28125,7.5,2.52,2.51,7.833,8.84,7.2475,1,Aluno-509
RA-513,0.0,0.0,1.0,9.0,9.5,10.002,8.3,7.5,7.666666666666667,9.6,9.7,8.831746031666666,8.229,8.297866667,8.728632539666668,6.333999999999991,8.541666667,9.0625,5.6,2.52,8.135,7.778,9.0075,8.545,0,Aluno-513
RA-514,0.0,-1.0,0.0,8.0,7.9,9.002,4.8,5.5,3.0,9.7,7.5,7.595238095,7.039,5.823133333,6.219580952400001,4.111999999999993,5.0,5.625,7.5,2.52,4.385,5.889,5.896666667,5.996666667,0,Aluno-514
RA-516,0.0,0.0,1.0,10.0,10.0,10.002,9.9,9.3,8.833333333333334,9.7,9.8,10.0,8.903,8.6807,8.384033333366668,6.218000000000001,8.75,8.541666667,7.5,2.52,2.51,8.056,8.7175,7.56,1,Aluno-516
RA-517,-2.0,-1.0,0.0,6.9,4.1,7.5,7.7,6.6,5.0,9.5,9.0,5.266499582333334,7.604,6.3104,5.880466583166668,6.573999999999995,6.875,6.041666667,7.5,2.52,2.51,7.833,6.7125,6.11,1,Aluno-517
RA-518,-1.0,0.0,0.0,9.0,8.5,8.334,7.5,6.7,4.0,9.4,8.5,6.8300751879999995,7.661,7.5762,6.3467483709,6.309999999999998,8.125,7.083333333,7.5,5.0,2.51,7.5,6.9175,6.94,1,Aluno-518
RA-52,2.0,1.0,2.0,9.6,10.0,8.751,6.2,6.4,7.216666666666666,8.9,9.8,9.437666667,7.861,7.9642,8.144466666733333,6.309999999999993,8.125,7.5,7.5,2.52,6.885,7.5,8.2975,7.5,0,Aluno-52
RA-521,0.0,-1.0,0.0,9.0,0.0,8.002,6.0,7.9,6.25,10.0,9.9,9.0357142855,7.725,6.768666667,7.4798428571999995,6.249999999999996,7.083333333,6.666666667,5.0,3.77,5.005,7.5,8.166666667,7.276666667,0,Aluno-521
RA-522,0.0,-1.0,0.0,9.5,7.5,8.002,7.5,8.3,9.0,9.1,9.2,9.523809524,8.306,7.890533333,8.6777119048,6.525999999999987,7.083333333,8.4375,7.5,7.52,7.51,8.167,8.45,7.89,0,Aluno-522
RA-524,-1.0,-1.0,0.0,0.0,6.4,7.083,9.1,8.9,8.666666666666666,9.4,9.2,5.111779448666667,6.947,7.331133333,7.026322556366667,6.357999999999999,8.333333333,8.333333333,5.0,2.52,2.51,8.056,7.42,7.39,1,Aluno-524
RA-526,-2.0,-1.0,-1.0,10.0,9.5,9.585,8.0,8.8,7.333333333333333,9.9,9.8,9.382456140333334,8.079,8.0957,7.843157894833334,6.156000000000006,8.75,7.291666667,7.5,5.0,8.13,8.167,7.7525,7.496666667,1,Aluno-526
RA-527,0.0,-1.0,0.0,8.5,9.0,9.002,6.5,6.5,6.0,10.0,9.1,10.0,8.025,7.5682,8.1403666666,6.250000000000004,7.5,8.125,7.5,7.52,7.51,7.5,7.78,7.383333333,0,Aluno-527
RA-528,-1.0,-1.0,0.0,0.0,9.0,9.168,4.0,8.2,6.666666666666667,6.2,8.5,5.793483709333334,5.335,7.6892,7.276330075300001,6.5619999999999985,8.75,7.291666667,7.5,5.0,7.51,6.944,7.92,6.936666667,1,Aluno-528
RA-529,-2.0,-2.0,-1.0,8.5,8.0,7.002,5.2,6.8,4.25,8.9,9.6,6.6071428569999995,6.51,7.278991667,5.2661285715,5.287999999999992,5.78125,4.791666667,5.0,7.52,4.38,6.556,6.893333333,4.886666667,1,Aluno-529
RA-530,-1.0,0.0,0.0,10.0,10.0,8.751,8.9,5.7,4.5,9.0,8.8,6.468838763666667,8.338,7.653033333,7.214534419433333,6.967999999999992,7.708333333,7.083333333,7.5,5.0,9.38,9.056,7.46,7.496666667,1,Aluno-530
RA-531,-1.0,0.0,0.0,9.5,9.5,9.168,7.8,7.7,6.666666666666667,9.8,10.0,9.803921568666667,8.057,8.3252,7.9127926470666665,7.035999999999998,8.75,7.96875,7.5,2.52,4.38,8.167,8.59,7.335,1,Aluno-531
RA-534,-2.0,-1.0,0.0,9.0,0.0,9.585,7.1,5.4,5.0,7.4,8.1,6.043441938333333,7.131,5.8385,7.088855054266667,6.143999999999998,8.125,7.5,7.5,2.52,7.51,7.333,7.92,7.103333333,0,Aluno-534
RA-535,-1.0,0.0,0.0,9.0,9.0,9.168,5.1,5.6,6.0,9.2,9.4,7.161904762,6.953,8.0027,7.659555952400001,5.596000000000001,8.125,7.96875,7.5,5.0,8.135,6.917,8.95,7.5,1,Aluno-535
RA-536,-1.0,0.0,1.0,9.5,8.0,8.334,6.0,5.9,5.5,8.9,9.3,9.109090909,7.106,7.759533333,7.7704681818,5.659999999999991,8.333333333,7.1875,5.6,2.52,8.135,7.75,9.17,7.415,0,Aluno-536
RA-538,-2.0,-1.0,-1.0,8.5,7.4,8.751,6.8,4.7,6.166666666666667,7.5,8.6,7.668803418666666,6.309,6.413466667,6.514094017066666,4.223999999999997,7.916666667,5.625,5.6,2.52,7.51,5.583,7.39,5.292,0,Aluno-538
RA-539,-1.0,-1.0,0.0,8.5,9.5,10.002,7.5,8.5,5.833333333333333,9.3,8.6,9.233333333333333,7.665,7.796866667,8.465533333333335,5.815999999999996,9.166666667,8.75,6.9,2.52,7.51,8.417,8.84,9.13,0,Aluno-539
RA-542,-1.0,-1.0,0.0,8.0,9.5,8.751,6.5,6.3,3.9333333333333336,9.8,9.7,6.481366459666667,7.221,7.816533333,6.7205649586,5.476000000000005,8.75,7.03125,6.3,5.0,8.13,7.417,9.006666667,6.232,1,Aluno-542
RA-543,-1.0,0.0,1.0,8.5,7.8,8.751,6.5,6.5,6.833333333333333,9.8,9.8,9.616977225666666,7.05,7.971833333,8.0467871118,5.6659999999999995,8.75,8.90625,4.4,2.52,2.51,7.167,9.006666667,8.7,0,Aluno-543
RA-546,-1.0,-1.0,0.0,9.0,0.0,5.832,5.6,5.7,4.666666666666667,7.9,7.2,3.7838383836666662,6.77,6.031666667,5.702426010066667,5.865999999999993,8.75,5.15625,5.0,2.52,8.135,7.917,9.173333333,5.5,1,Aluno-546
RA-547,-1.0,-1.0,0.0,9.5,0.0,8.751,7.6,6.2,6.833333333333333,9.7,9.1,7.030620028333334,7.745,6.467,7.2102906723333335,5.683999999999993,8.75,5.625,5.0,2.52,8.135,8.833,8.95,5.932,0,Aluno-547
RA-548,-2.0,-1.0,0.0,8.0,9.0,9.168,7.2,7.4,6.666666666666667,9.1,9.1,7.600427350666667,7.292,7.4322,7.240168803466668,5.253999999999992,8.333333333,5.9375,6.9,2.52,7.51,7.583,8.283333333,5.626,1,Aluno-548
RA-549,-1.0,-1.0,-1.0,10.0,9.5,10.002,4.2,6.4,5.75,7.9,8.1,7.204968943999999,6.301,7.0297,6.5398187888,4.576000000000002,6.875,6.40625,6.9,5.02,6.255,6.167,7.5,5.9125,1,Aluno-549
RA-555,-2.0,-1.0,-1.0,9.5,7.4,10.002,4.4,3.9,4.333333333333333,8.1,8.1,2.7505175983333334,5.949,5.898133333,5.111470186333333,4.655999999999995,6.25,5.0,5.0,2.52,6.885,5.167,6.946666667,5.03,1,Aluno-555
RA-556,-1.0,-1.0,0.0,9.0,8.5,7.083,6.4,7.2,3.8333333333333335,8.8,9.6,6.171428571333333,7.181,7.7482,5.833377380933333,5.909999999999995,9.166666667,6.40625,5.0,2.52,2.51,8.25,9.396666667,6.1625,1,Aluno-556
RA-557,-1.0,0.0,0.0,10.0,10.0,10.002,9.4,8.9,9.666666666666666,8.4,8.2,8.756265663999999,8.334,8.7717,9.350986466133334,6.573999999999991,9.375,10.0,7.5,5.0,7.51,9.333,9.62,9.576,0,Aluno-557
RA-558,-3.0,-3.0,-2.0,9.0,7.8,9.168,4.3,6.0,3.0,8.5,9.4,3.7763975156666674,5.539,6.615333333,5.048054503133334,4.289999999999992,6.458333333,6.09375,5.0,5.0,8.13,4.5,6.78,4.268,1,Aluno-558
RA-559,-1.0,-1.0,0.0,9.5,10.0,10.002,7.1,7.4,3.1666666666666665,9.2,9.4,5.705128205,7.634,7.947366667,6.158158974333333,5.574000000000003,8.958333333,6.25,7.5,5.0,8.13,8.083,8.506666667,4.728,1,Aluno-559
RA-56,0.0,0.0,0.0,10.0,9.6,10.002,7.0,7.8,7.666666666666667,10.0,9.5,9.265350877333333,8.404,8.284333333,9.077020175400001,6.039999999999994,8.125,8.4375,7.5,5.0,10.0,8.25,7.8,9.233333333,0,Aluno-56
RA-562,-1.0,-1.0,0.0,8.0,0.0,8.334,8.0,8.7,7.833333333333333,9.0,8.5,9.833333333333334,7.855,6.824833333,8.392733333333334,6.550000000000011,8.541666667,7.625,7.5,2.52,8.135,8.75,8.893333333,7.25,0,Aluno-562
RA-563,-1.0,0.0,0.0,10.0,6.4,9.168,8.5,6.2,8.333333333333334,9.2,9.7,9.461904762000001,8.22,7.684133333,8.595447619066668,6.634000000000004,8.75,8.125,7.5,2.52,8.135,8.833,8.726666667,7.468,0,Aluno-563
RA-568,-3.0,-3.0,-2.0,8.0,7.0,7.917,8.3,7.6,5.166666666666667,8.6,7.9,3.2619047620000003,7.306,6.9647,5.545864285733334,5.972000000000004,8.125,6.5625,6.9,5.0,8.13,7.944,8.01,5.496,1,Aluno-568
RA-57,-1.0,-1.0,0.0,7.1,0.0,9.585,8.4,7.2,6.166666666666667,8.1,8.0,6.010860484333333,7.305,6.450875,7.4193804301999995,6.599999999999997,7.96875,8.59375,5.6,5.63,6.88,7.875,7.755,7.39,0,Aluno-57
RA-570,-1.0,-1.0,-1.0,9.0,8.5,8.002,1.3,5.9,6.75,7.0,7.3,8.0020703935,5.722,6.781033333,6.8133640787,5.5640000000000045,8.125,7.1875,7.5,3.77,5.625,6.778,8.056666667,6.4075,0,Aluno-570
RA-571,-1.0,-2.0,-1.0,8.5,9.0,7.002,3.7,5.0,5.25,8.8,7.9,8.695652174,6.589,6.6097,6.2964554347999995,6.001999999999998,7.291666667,7.03125,7.5,3.77,4.375,6.944,7.616666667,5.8325,1,Aluno-571
RA-573,-1.0,-1.0,0.0,9.5,9.5,9.168,8.2,6.6,5.0,9.9,9.8,9.5,8.261,7.774366667,7.839050000000001,6.521999999999988,8.541666667,7.8125,7.5,5.0,8.755,8.944,8.45,6.8275,0,Aluno-573
RA-576,-1.0,-1.0,0.0,9.5,9.0,8.502,7.8,8.0,9.25,9.1,9.3,10.0,7.59,7.984741667,8.93195,5.877999999999988,9.21875,7.8125,7.5,5.02,7.51,7.111,8.503333333,8.4975,0,Aluno-576
RA-577,-1.0,-1.0,-1.0,9.5,10.0,8.502,9.0,7.4,8.0,9.3,8.2,5.7660455485,7.862,7.219366667,6.629159109700001,5.7979999999999965,6.875,6.5625,7.5,3.77,5.625,7.111,7.673333333,6.535,1,Aluno-577
RA-578,-1.0,0.0,1.0,9.5,9.0,10.002,9.5,9.7,9.833333333333334,10.0,10.0,10.0,8.814,9.013866667,9.066199999966669,6.617999999999995,9.791666667,9.583333333,8.8,2.52,2.51,9.611,9.7625,9.45,0,Aluno-578
RA-58,0.0,0.0,0.0,9.6,0.0,9.585,7.2,8.1,7.333333333333333,9.2,9.7,9.824561403666666,8.136,7.70625,8.7713289474,6.409999999999991,8.4375,9.0625,6.3,6.26,7.51,8.125,8.3825,8.62,0,Aluno-58
RA-580,-1.0,-1.0,-1.0,8.0,8.5,9.002,7.6,9.0,9.25,9.6,9.8,8.871635610999999,7.525,8.4712,7.9281521222,6.01600000000001,8.75,7.03125,7.5,7.52,7.51,7.167,8.67,7.2475,1,Aluno-580
RA-581,-1.0,-1.0,-1.0,7.5,8.0,7.418,5.0,7.9,8.75,8.9,9.8,8.198757764,6.464,7.7167,7.0833015528,5.061999999999999,6.458333333,6.5625,7.5,7.52,5.625,5.889,7.393333333,6.165,1,Aluno-581
RA-583,-2.0,-1.0,0.0,8.5,9.0,7.917,7.1,6.3,5.0,9.4,9.4,8.904455179666668,7.456,7.838866667,7.447591035933334,5.894000000000004,8.333333333,6.875,7.5,7.52,8.135,7.333,8.616666667,6.87,1,Aluno-583
RA-584,-1.0,0.0,0.0,8.0,9.5,8.751,4.6,5.8,4.333333333333333,8.5,9.0,5.636363636333333,6.714,7.697533333,6.752914393933334,5.774000000000004,8.333333333,7.34375,7.5,2.52,8.755,7.333,8.56,6.37,1,Aluno-584
RA-586,-1.0,0.0,1.0,10.0,8.0,9.168,8.2,8.4,8.5,9.6,10.0,9.241269841333333,7.988,8.4242,8.702387301666668,6.124000000000005,8.333333333,8.75,5.6,2.52,7.51,8.778,9.343333333,8.056666667,0,Aluno-586
RA-587,-1.0,-1.0,-2.0,9.5,8.5,9.002,3.8,2.7,6.25,9.3,7.0,7.380952381,6.632,6.032033333,6.817057142900001,5.785999999999993,6.458333333,7.916666667,7.5,7.52,7.51,6.167,6.72,5.74,1,Aluno-587
RA-588,0.0,0.0,1.0,9.5,8.0,9.168,9.3,7.8,7.833333333333333,10.0,9.6,9.833333333333334,8.622,8.3527,8.676133333333334,5.9639999999999915,8.958333333,8.75,5.6,2.52,7.51,8.278,9.673333333,8.0,0,Aluno-588
RA-590,-1.0,0.0,-1.0,8.5,6.3,8.002,7.4,6.5,4.0,8.6,9.7,8.457556936,7.435,7.647666667,6.712378053800001,6.127999999999993,7.291666667,7.5,7.5,3.77,6.26,7.611,8.34,7.723333333,1,Aluno-590
RA-591,-1.0,-1.0,-1.0,9.5,9.0,7.418,7.1,6.9,7.5,9.3,8.5,7.913043478500001,7.507,7.1472,6.8360336957,5.49199999999999,5.833333333,5.78125,7.5,6.27,6.255,7.389,7.333333333,6.54,1,Aluno-591
RA-592,-1.0,0.0,1.0,8.0,6.2,7.917,8.4,7.6,7.833333333333333,8.5,9.2,6.108152734666667,7.381,7.935466667,7.121622213600001,5.854000000000004,7.916666667,7.65625,5.6,3.77,2.51,7.778,8.95,7.625,1,Aluno-592
RA-594,-1.0,-1.0,0.0,8.0,8.5,6.918,7.8,5.8,7.0,9.4,7.1,5.75,7.392,6.702033333,6.890966666600001,5.242000000000009,6.875,8.125,7.5,6.27,6.26,6.889,7.336666667,6.053333333,0,Aluno-594
RA-597,0.0,-1.0,0.0,9.0,10.0,9.002,8.0,8.5,6.0,10.0,9.6,9.3271221535,8.265,8.49045,7.843291097300001,6.03800000000001,9.0625,7.5,7.5,7.52,7.51,7.056,8.56,6.883333333,1,Aluno-597
RA-599,-1.0,0.0,1.0,9.5,10.0,10.002,9.1,8.5,7.666666666666667,9.2,9.5,8.607843137333333,8.2,8.532866667,8.3569352941,6.287999999999991,8.333333333,7.083333333,7.5,2.52,9.375,8.556,9.286666667,7.28,1,Aluno-599
RA-600,0.0,-1.0,0.0,8.5,8.5,8.002,3.9,7.2,7.5,8.4,8.4,8.010869565,7.011,7.651658333,7.847373913,5.843999999999996,8.28125,7.5,7.5,7.52,7.51,6.833,8.056666667,7.22,0,Aluno-600
RA-601,1.0,0.0,-1.0,9.0,9.0,9.502,5.7,8.7,8.75,9.7,10.0,10.0,7.713,8.955783333,8.5107,5.496000000000005,9.0625,8.75,7.5,7.52,7.505,7.167,8.336666667,8.425,1,Aluno-601
RA-602,-1.0,-1.0,0.0,10.0,10.0,9.585,8.6,8.1,7.333333333333333,9.7,9.6,9.670588235333334,8.041,8.5592,8.647409313733334,5.976000000000005,8.75,8.28125,7.5,7.52,7.51,7.667,9.51,8.545,0,Aluno-602
RA-603,-1.0,0.0,0.0,9.0,0.0,9.585,7.5,7.0,4.666666666666667,9.5,8.9,7.155555555666666,7.78,6.748833333,6.942277777866667,6.299999999999999,7.708333333,6.875,7.5,2.52,6.885,8.0,7.78,6.216666667,0,Aluno-603
RA-604,-1.0,0.0,1.0,9.0,9.0,8.334,8.8,7.5,7.0,9.0,9.3,7.5029927763333335,8.018,8.548033333,7.429623555266667,6.41400000000001,8.125,6.40625,7.5,7.52,8.13,8.333,8.616666667,6.21,1,Aluno-604
RA-605,-2.0,-1.0,0.0,6.9,9.0,7.5,7.1,6.8,2.6666666666666665,9.3,9.5,6.194444444333333,7.276,7.709366667,6.0175222222,6.047999999999996,7.291666667,7.0,6.9,7.52,6.885,7.556,7.84,5.534,1,Aluno-605
RA-606,-1.0,-1.0,0.0,9.5,8.5,8.502,1.8,6.0,3.25,9.0,8.5,7.6136363634999995,6.127,7.402491667,6.645260606100001,5.447999999999995,7.65625,8.125,7.5,7.52,6.885,6.111,8.223333333,5.606666667,1,Aluno-606
RA-607,-1.0,-1.0,0.0,6.8,8.0,8.502,4.0,6.8,7.0,8.1,7.5,7.4782608695,6.44,7.333075,7.6486021739000005,6.012000000000001,7.96875,7.1875,7.5,7.52,7.51,7.444,8.17,7.165,0,Aluno-607
RA-608,-1.0,-1.0,0.0,7.8,10.0,9.002,6.3,6.2,4.25,9.6,7.5,3.054347826,7.216,7.401741667,5.778986231800001,5.6160000000000005,7.96875,7.1875,7.5,7.52,6.885,7.222,8.113333333,5.053333333,1,Aluno-608
RA-610,0.0,0.0,1.0,9.0,10.0,9.585,6.5,7.0,6.333333333333333,9.6,10.0,9.694444444333334,8.18,8.2857,7.894888888933334,6.099999999999999,8.541666667,6.875,7.5,2.52,3.76,8.5,8.896666667,8.336666667,1,Aluno-610
RA-612,-1.0,-1.0,0.0,9.0,9.0,8.002,7.9,9.7,9.75,9.2,9.7,9.5454545455,7.594,8.410783333,9.134040909100001,5.906000000000004,9.0625,9.6875,7.5,3.77,6.26,7.167,9.286666667,9.4,0,Aluno-612
RA-613,-2.0,-1.0,-1.0,9.0,9.2,8.334,9.2,4.8,7.333333333333333,9.2,9.4,9.566666666666666,8.121,6.864508333,7.4019,5.79800000000001,6.71875,6.875,7.5,5.0,7.51,8.556,7.2125,6.25,0,Aluno-613
RA-614,-2.0,-1.0,-1.0,9.5,9.0,9.585,9.6,8.6,6.833333333333333,9.7,9.1,9.700000000000001,8.339,8.2282,7.8284999999666685,6.234000000000002,8.333333333,7.916666667,7.5,7.52,7.51,8.278,8.563333333,7.603333333,1,Aluno-614
RA-616,-2.0,-1.0,0.0,7.4,0.0,7.5,8.8,6.8,3.8333333333333335,7.4,6.6,3.087719298333333,7.303,5.612,5.457877193033333,6.173999999999986,5.833333333,6.458333333,7.5,5.02,6.885,7.278,6.783333333,4.946666667,1,Aluno-616
RA-618,-2.0,-2.0,-2.0,8.9,0.0,10.002,6.7,6.2,4.166666666666667,8.3,9.2,8.324074074,7.18,6.4745,6.718348148233334,5.733999999999995,8.125,6.666666667,7.5,5.02,6.88,7.333,7.95,6.826666667,0,Aluno-618
RA-620,-2.0,-1.0,0.0,0.0,6.8,8.334,6.8,6.2,2.5,7.5,8.4,3.9841269843333333,6.018,7.043666667,5.766892063566667,5.413999999999994,6.875,7.083333333,7.5,7.52,7.51,6.833,7.503333333,5.886666667,1,Aluno-620
RA-623,-2.0,-2.0,-1.0,7.5,10.0,8.334,8.3,7.3,4.0,9.0,9.5,7.3999999999999995,7.524,7.8307,6.357733333300001,5.861999999999998,7.291666667,6.458333333,7.5,7.52,6.885,7.389,7.446666667,7.05,1,Aluno-623
RA-624,-1.0,-1.0,0.0,9.0,9.0,8.002,6.8,8.6,4.0,8.9,9.2,8.219461698,7.425,8.270825,7.229425672900001,5.905999999999991,8.90625,7.916666667,7.5,7.52,7.51,7.722,8.39,7.213333333,1,Aluno-624
RA-626,-1.0,-1.0,0.0,7.4,9.0,9.585,1.3,6.5,5.333333333333333,7.6,9.2,3.380451127666667,5.818,7.231033333,6.407590225500001,5.923999999999996,7.291666667,7.291666667,7.5,4.39,6.885,7.278,7.613333333,6.443333333,1,Aluno-626
RA-628,-1.0,-2.0,-1.0,9.5,9.5,9.002,9.2,9.4,9.0,7.6,8.9,10.0,7.577,8.370325,8.2366166666,5.503999999999998,8.28125,7.1875,7.5,7.52,7.51,7.333,8.45,7.833333333,1,Aluno-628
RA-629,0.0,-1.0,0.0,9.0,10.0,10.002,7.0,7.5,6.0,10.0,9.4,9.523809524,8.11,8.013866667,8.061295238200001,6.043999999999992,7.916666667,7.5,7.5,7.52,7.51,7.278,7.95,7.276666667,0,Aluno-629
RA-630,0.0,-1.0,0.0,9.5,9.0,0.0,7.3,5.7,5.75,9.2,8.6,8.4782608695,8.064,7.199991667,6.879985507300001,6.0840000000000005,8.28125,7.5,7.5,3.77,7.51,7.278,8.673333333,7.666666667,1,Aluno-630
RA-631,-2.0,-1.0,0.0,8.5,0.0,8.334,7.0,7.0,4.166666666666667,6.8,6.4,7.2122004356666665,6.928,5.954666667,6.795673420466667,6.23599999999999,7.916666667,5.625,7.5,6.27,8.75,7.222,6.78,6.245,0,Aluno-631
RA-632,-1.0,0.0,0.0,8.5,4.7,7.917,6.3,7.4,4.166666666666667,9.3,9.1,8.999164578333334,6.996,7.8768,7.515491249000001,4.916,8.333333333,8.28125,6.9,5.64,6.875,6.722,8.563333333,7.875,1,Aluno-632
RA-633,-1.0,-1.0,0.0,7.3,1.7,4.584,7.7,7.2,3.3333333333333335,8.9,8.1,4.707017544,7.476,6.6552,5.228470175466667,6.093999999999995,8.541666667,6.875,7.5,6.27,2.51,7.833,7.286666667,6.1175,1,Aluno-633
RA-636,-1.0,-1.0,0.0,8.5,0.0,8.002,7.3,9.0,5.25,8.0,8.3,4.9043062200000005,7.189,6.836666667,6.3802279106,6.111999999999997,8.333333333,6.875,6.9,5.64,7.51,7.389,7.446666667,5.553333333,1,Aluno-636
RA-637,-1.0,-1.0,0.0,8.5,8.0,7.502,5.8,8.5,7.75,9.0,9.5,6.2272727275,7.039,8.109533333,7.6853212122,5.789999999999995,8.333333333,8.333333333,7.5,7.52,7.51,7.0,8.17,7.776666667,1,Aluno-637
RA-638,0.0,-1.0,0.0,8.5,9.0,8.502,3.9,6.5,5.0,9.3,9.4,5.7272727275,7.059,7.754866667,6.7464878789,5.633999999999994,8.333333333,8.125,7.5,7.52,7.51,6.278,7.946666667,5.936666667,1,Aluno-638
RA-639,-1.0,0.0,0.0,8.5,7.4,7.917,5.5,6.3,3.8333333333333335,7.4,8.1,5.278195488666667,6.613,7.5853,5.7693807644,6.107999999999993,8.125,6.71875,7.5,6.27,2.51,6.611,7.62,6.1625,1,Aluno-639
RA-64,-1.0,-1.0,0.0,7.1,7.5,10.002,7.5,6.7,8.166666666666666,8.1,9.2,8.980785296666667,7.368,7.452541667,8.743607059266667,5.78,7.34375,8.4375,8.1,6.89,8.135,8.25,7.9625,8.283333333,0,Aluno-64
RA-642,-1.0,0.0,0.0,10.0,9.5,9.585,7.3,6.5,4.0,9.7,9.2,9.149206349333333,7.75,8.416866667,7.082591269866667,6.0440000000000005,8.75,7.1875,6.9,6.27,3.76,7.778,9.173333333,6.9975,1,Aluno-642
RA-643,-1.0,-1.0,-1.0,9.0,9.5,9.002,6.2,7.1,4.5,8.0,8.2,6.8660287085,6.763,7.389033333,6.402239075100001,4.285999999999994,6.041666667,8.125,7.5,7.52,7.51,6.722,7.613333333,5.826666667,1,Aluno-643
RA-645,-1.0,-1.0,0.0,8.5,9.0,7.418,2.0,7.3,5.25,8.1,8.5,8.3863636365,6.086,7.613033333,7.502239394,5.993999999999997,8.125,7.708333333,7.5,6.27,7.51,6.833,8.116666667,7.556666667,1,Aluno-645
RA-646,-2.0,-1.0,-1.0,8.5,10.0,10.002,8.4,8.4,6.166666666666667,9.8,8.9,9.266666666666667,8.181,8.3547,7.715491666666668,7.031999999999994,8.958333333,8.28125,8.1,7.52,7.51,8.389,8.783333333,7.7475,1,Aluno-646
RA-649,-2.0,-1.0,0.0,8.5,9.0,8.751,7.4,6.5,3.6666666666666665,8.9,9.3,6.004481792666667,7.302,7.579533333,6.985329691766667,6.097999999999987,8.75,8.333333333,5.6,3.77,8.76,7.611,8.836666667,7.333333333,1,Aluno-649
RA-651,-1.0,0.0,1.0,8.5,0.0,9.168,7.8,9.3,7.5,9.3,8.2,10.0,7.866,7.332,8.689300000100001,6.793999999999986,8.75,8.541666667,7.5,3.77,7.51,8.333,7.95,8.336666667,0,Aluno-651
RA-652,0.0,-1.0,0.0,8.0,9.0,8.002,7.8,7.0,5.5,9.6,9.4,6.931818182000001,8.151,7.871033333,7.361896969700001,6.2099999999999955,8.125,7.916666667,7.5,6.89,7.51,7.5,8.446666667,7.663333333,1,Aluno-652
RA-653,-1.0,-1.0,0.0,9.5,0.0,8.751,9.3,7.9,5.166666666666667,9.6,9.8,9.537254901999999,8.101,7.385666667,8.103217647033333,6.210000000000004,9.166666667,8.333333333,7.5,6.27,8.76,7.5,9.06,7.89,0,Aluno-653
RA-655,-2.0,-1.0,0.0,7.5,7.4,7.501,8.3,8.3,6.833333333333333,9.2,9.9,10.0,7.785,8.3198,8.238600000066668,6.072000000000002,9.166666667,8.125,7.5,7.52,8.76,8.389,8.896666667,7.166666667,1,Aluno-655
RA-656,-1.0,-1.0,0.0,7.4,0.0,9.168,6.3,7.3,4.166666666666667,7.5,8.9,5.978431372666667,6.652,6.780833333,6.668152941266667,5.920000000000001,8.541666667,7.5,5.6,7.52,7.51,7.5,7.173333333,6.106666667,1,Aluno-656
RA-657,-2.0,-1.0,0.0,9.5,8.5,8.751,9.0,8.2,7.5,9.8,10.0,9.6,8.093,8.3532,8.207433333400001,6.33,8.75,8.125,7.5,7.52,6.885,7.5,8.73,7.056666667,1,Aluno-657
RA-658,-1.0,0.0,1.0,10.0,9.5,8.751,5.6,6.1,3.6666666666666665,9.3,9.5,10.0,7.407,8.438533333,7.507033333333333,5.935999999999995,7.916666667,7.375,7.5,7.52,8.135,7.917,9.173333333,6.738,1,Aluno-658
RA-662,-1.0,-1.0,0.0,9.0,6.8,7.917,6.8,6.7,4.166666666666667,8.8,7.6,7.6107226106666666,7.044,6.733566667,7.1074778554666675,5.57399999999999,7.291666667,7.625,7.5,6.27,7.51,6.083,6.72,7.234,0,Aluno-662
RA-663,-1.0,-1.0,-1.0,6.9,6.9,8.502,5.8,7.0,6.5,8.7,7.4,7.0910973085,6.376,6.969133333,6.696419461700001,4.859999999999999,6.666666667,6.875,7.5,7.52,5.625,5.25,7.393333333,6.89,1,Aluno-663
RA-664,-1.0,-1.0,0.0,9.5,9.0,9.002,6.3,8.0,5.75,8.8,9.6,6.7734553775,7.277,8.0872,7.5017244089,6.235999999999999,7.916666667,8.125,7.5,7.52,7.51,7.167,8.116666667,7.666666667,1,Aluno-664
RA-665,-1.0,-1.0,-1.0,9.0,9.5,8.334,6.8,5.2,4.75,7.4,4.9,5.068181818,6.996,6.185658333,5.698703030200001,5.559999999999996,8.28125,7.5,7.5,2.52,5.63,7.25,8.226666667,5.443333333,1,Aluno-665
RA-666,-1.0,0.0,0.0,9.5,9.5,10.002,7.8,7.1,7.166666666666667,9.1,9.1,7.881527348,7.929,8.720366667,8.185838802933334,5.823999999999991,8.541666667,7.5,7.5,7.52,7.51,8.833,9.62,8.375,1,Aluno-666
RA-667,-1.0,-1.0,0.0,8.5,9.0,9.168,4.5,5.2,4.666666666666667,5.6,6.9,7.038986354666666,5.844,6.774866667,7.177130604266668,5.573999999999996,7.083333333,7.75,7.5,6.89,7.51,5.833,7.836666667,6.966,0,Aluno-667
RA-669,-1.0,0.0,0.0,9.0,8.5,7.5,6.0,5.0,5.333333333333333,9.7,7.8,4.851851851666666,7.475,7.345033333,6.6438703703,6.183999999999994,7.708333333,7.291666667,7.5,7.52,7.51,7.833,7.06,6.883333333,1,Aluno-669
RA-670,-1.0,0.0,1.0,8.0,9.5,9.585,6.9,7.0,8.666666666666666,8.8,8.7,9.441269841333334,7.451,8.6067,8.8602539683,6.275999999999993,8.958333333,8.958333333,7.5,7.52,7.51,8.167,9.343333333,8.166666667,0,Aluno-670
RA-672,-1.0,-2.0,-1.0,8.5,7.9,7.918,8.8,6.4,0.0,8.5,9.5,3.9525691700000003,7.48,6.5623,4.2118138341,5.100000000000002,5.625,6.041666667,8.1,2.52,6.26,6.75,6.43,4.496666667,1,Aluno-672
RA-680,-2.0,-1.0,-1.0,9.5,0.0,0.0,7.4,6.4,3.0,8.8,9.1,6.6428571430000005,7.518,6.5855,4.9800714287000005,5.279999999999989,6.875,6.666666667,7.5,7.52,5.635,7.75,7.78,6.606666667,1,Aluno-680
RA-681,-2.0,-2.0,-1.0,8.5,0.0,9.502,6.5,8.3,2.5,8.5,7.8,7.840909091,7.204,6.2955,6.0398818182000005,5.639999999999996,5.625,5.625,6.9,3.77,6.26,8.0,8.18,6.665,1,Aluno-681
RA-684,0.0,0.0,0.0,9.5,9.0,10.002,9.3,6.5,4.25,7.5,8.1,9.090909091,8.26,7.4277,7.769381818200001,5.565999999999991,6.875,7.5,8.1,7.52,7.51,7.917,5.84,8.0,0,Aluno-684
RA-686,-1.0,-1.0,0.0,7.5,8.5,8.002,8.8,8.0,7.25,8.6,9.0,8.7857142855,7.729,7.9642,8.040259523700001,5.723999999999996,7.5,8.4375,8.1,7.52,6.885,8.083,8.56,7.503333333,0,Aluno-686
RA-687,-1.0,-1.0,0.0,8.5,8.0,7.502,8.3,6.9,7.25,9.0,9.0,9.2355889725,7.703,7.617533333,8.2739844611,4.830000000000001,7.5,8.75,8.1,7.52,7.51,8.0,8.226666667,8.003333333,0,Aluno-687
RA-688,-1.0,-1.0,0.0,8.5,8.5,9.502,7.9,8.6,7.5,9.7,9.3,10.0,7.771,8.0442,8.986533333300002,5.675999999999997,7.5,8.333333333,7.5,7.52,8.13,7.917,8.06,9.45,0,Aluno-688
RA-690,-1.0,-2.0,-1.0,9.5,9.0,7.918,7.0,9.1,6.25,9.5,9.8,8.409090909,7.541,8.6112,7.3853681818000005,5.575999999999994,7.5,8.4375,7.5,6.89,7.51,7.417,10.01,7.835,1,Aluno-690
RA-693,0.0,0.0,0.0,9.5,10.0,10.002,5.7,8.5,8.0,9.8,9.4,9.5227272725,7.944,9.0112,8.9079954545,5.505999999999999,7.5,7.8125,8.1,6.89,9.38,7.667,10.01,8.42,1,Aluno-693
RA-696,-1.0,0.0,0.0,8.5,0.0,7.418,6.6,6.7,5.25,9.0,9.4,7.845238095,7.441,7.172666667,7.482680952299999,5.875999999999997,7.5,7.708333333,7.5,5.02,7.51,8.167,8.503333333,8.0,0,Aluno-696
RA-698,-1.0,0.0,0.0,9.0,8.5,9.002,8.1,5.7,4.5,9.8,9.9,8.3214285715,7.44,7.553616667,7.3363190476,5.934000000000004,7.1875,7.291666667,2.5,2.52,6.88,8.083,8.113333333,7.273333333,1,Aluno-698
RA-699,-1.0,-1.0,-1.0,5.2,8.5,6.334,7.1,6.0,6.5,9.2,8.3,7.727272727000001,6.658,6.389991667,6.427771212000001,4.280000000000004,5.78125,6.5625,7.5,3.77,6.26,6.0,6.173333333,5.833333333,0,Aluno-699
RA-700,-1.0,-1.0,-1.0,9.0,9.5,8.502,9.2,7.8,5.25,8.7,9.7,9.564393939,7.738,8.2852,7.005745454500001,5.914000000000003,6.25,7.291666667,7.5,7.52,5.635,7.083,9.84,7.0,1,Aluno-700
RA-702,0.0,-1.0,-2.0,10.0,10.0,9.002,6.8,9.3,9.25,8.6,10.0,9.75,7.387,8.239866667,7.665116666600001,4.069999999999993,7.5,7.8125,5.0,5.63,2.51,7.0,7.833333333,7.163333333,1,Aluno-702
RA-704,-2.0,-2.0,-1.0,9.0,10.0,7.502,7.2,6.1,6.5,8.6,9.9,8.646245059,6.741,6.8297,6.8121156785000005,3.643999999999994,5.625,6.458333333,5.0,3.14,5.635,6.583,6.265,6.616666667,1,Aluno-704
RA-705,-2.0,-2.0,-1.0,9.5,0.0,9.002,7.1,8.8,3.5,6.2,8.3,6.4285714285,6.634,6.982,5.294247619100001,5.073999999999998,7.5,5.625,7.5,6.89,5.005,6.333,8.165,4.226666667,1,Aluno-705
RA-706,-2.0,-2.0,0.0,9.5,9.0,0.0,9.1,7.3,3.25,6.7,7.8,7.1428571430000005,7.659,7.1527,5.8701964286,6.155999999999994,6.875,7.65625,7.5,4.39,6.26,8.417,8.08,7.0,1,Aluno-706
RA-707,-2.0,-1.0,-1.0,10.0,0.0,7.917,8.5,6.5,6.5,8.1,9.8,7.7236842105,7.679,6.518,6.4975618421000005,5.524,7.916666667,6.40625,6.9,3.77,4.375,8.083,7.946666667,6.415,1,Aluno-707
RA-709,-2.0,-2.0,-1.0,9.5,10.0,7.418,2.3,4.9,6.0,3.5,7.9,7.994071146,5.313,6.6927,6.833780895800001,5.363999999999993,5.625,6.875,7.5,7.52,7.51,7.083,6.59,6.773333333,0,Aluno-709
RA-710,-2.0,-1.0,-1.0,9.5,9.5,9.168,6.9,6.5,6.75,8.9,9.0,8.170995671,7.285,7.0582,7.0366241342,5.749999999999997,7.083333333,7.65625,5.0,3.77,5.625,8.0,7.113333333,6.5375,1,Aluno-710
RA-712,-2.0,-2.0,-1.0,8.0,9.5,7.502,8.0,6.7,6.75,5.1,5.6,5.983436853,6.026,6.331533333,6.2236373706000006,4.3939999999999975,7.5,6.5625,5.0,3.14,5.625,5.833,6.836666667,6.04,1,Aluno-712
RA-713,-1.0,-1.0,0.0,10.0,8.0,8.002,7.8,7.5,6.75,8.7,9.6,7.525879916999999,7.42,7.408033333,7.467500983400001,4.19999999999999,6.875,7.03125,7.5,3.77,7.51,7.25,8.166666667,6.79,0,Aluno-713
RA-714,-2.0,-2.0,-1.0,9.0,0.0,0.0,8.0,7.4,4.0,6.9,8.0,6.873706004,6.953,6.078666667,5.4653662008,5.629999999999997,7.5,7.65625,5.6,3.14,6.255,7.25,7.223333333,6.9975,1,Aluno-714
RA-715,-1.0,-2.0,0.0,8.5,0.0,9.002,4.9,5.4,2.75,8.7,9.5,5.250626566499999,6.656,5.8915,5.3098253133,5.625999999999989,5.625,5.0,4.4,3.14,3.755,7.917,7.675,4.67,1,Aluno-715
RA-716,-1.0,-1.0,-1.0,8.9,9.0,9.002,6.7,5.6,5.75,8.1,8.7,5.5335968375,6.525,6.813366667,6.2372943675000005,3.4160000000000035,6.875,6.71875,7.5,3.77,7.51,5.417,7.443333333,5.7875,1,Aluno-716
RA-718,0.0,0.0,1.0,8.0,9.5,10.002,9.2,7.8,9.5,8.9,9.1,9.5138888885,8.093,8.166866667,8.705811111100001,5.596000000000001,7.916666667,7.5,6.3,3.77,5.635,7.417,8.39,7.946666667,0,Aluno-718
RA-719,-2.0,-2.0,-1.0,9.0,9.5,10.002,4.2,5.9,6.5,4.6,5.3,7.3484848485,5.552,6.4137,7.1193969697,4.253999999999998,5.625,7.5,7.5,7.52,7.51,6.083,7.095,6.7425,0,Aluno-719
RA-721,0.0,0.0,0.0,9.5,8.5,9.002,7.6,8.4,8.25,8.1,9.5,9.544513457499999,7.973,8.683366667,8.8986026915,5.49599999999999,8.125,8.75,7.5,7.52,8.135,7.917,8.443333333,8.755,0,Aluno-721
RA-725,0.0,-1.0,-1.0,8.0,9.5,7.502,5.0,8.4,7.25,5.9,9.0,7.6710526315,6.33,8.117366667,7.0900771929,4.399999999999995,8.125,7.5,8.1,7.52,7.51,5.5,8.113333333,6.773333333,1,Aluno-725
RA-727,0.0,-1.0,0.0,9.0,9.5,10.002,8.4,8.0,8.5,7.7,8.8,8.4848484845,7.736,7.6802,8.447003030300001,4.559999999999991,7.5,8.125,8.1,2.52,6.26,6.75,9.34,8.056666667,0,Aluno-727
RA-729,0.0,-1.0,-1.0,10.0,8.0,8.002,8.1,8.6,6.0,8.7,9.1,8.4166666665,8.155,7.26545,6.684533333300001,5.349999999999988,6.5625,7.5,8.1,3.77,2.51,7.25,7.01,7.5,1,Aluno-729
RA-730,-2.0,-1.0,0.0,10.0,10.0,8.002,8.3,7.8,9.5,8.2,8.7,7.152777778,7.902,7.979325,8.469255555700002,5.720000000000002,9.53125,9.166666667,8.8,5.02,6.885,8.25,8.67,8.666666667,0,Aluno-730
RA-731,-2.0,-1.0,-1.0,9.0,8.5,9.502,7.3,6.8,2.5,8.5,7.6,4.188311688500001,7.151,6.7742,4.7704873377000006,4.843999999999997,7.5,5.78125,6.9,3.14,4.375,7.083,7.45,4.835,1,Aluno-731
RA-733,-1.0,0.0,-1.0,9.5,10.0,10.002,5.1,6.2,9.25,8.5,8.7,10.0,6.684,8.3342,8.808825,5.705999999999993,8.333333333,8.90625,5.6,7.52,7.51,6.917,8.893333333,9.085,1,Aluno-733
RA-735,-2.0,-1.0,-1.0,9.0,0.0,8.002,7.3,8.1,8.0,9.0,9.0,9.782608695499999,7.485,7.184,7.7888467391,5.484000000000004,8.333333333,7.65625,5.6,7.52,6.255,8.583,8.393333333,7.705,0,Aluno-735
RA-737,-1.0,0.0,0.0,9.5,9.5,8.502,9.0,7.5,9.25,9.2,7.8,8.6542443065,8.058,8.048033333,8.4695488613,5.745999999999998,7.291666667,7.5,5.6,7.52,6.885,9.167,7.783333333,8.0,0,Aluno-737
RA-738,0.0,0.0,-1.0,8.5,8.0,10.002,5.7,6.0,7.25,8.1,9.3,7.292490119,7.227,8.123283333,7.2626980238000005,5.569999999999995,8.4375,6.875,5.6,7.52,6.885,7.5,8.336666667,7.39,1,Aluno-738
RA-740,-1.0,-2.0,-1.0,8.5,0.0,9.002,7.2,9.1,8.0,9.0,8.7,9.555335968,7.218,7.2845,8.1611005269,5.679999999999996,6.875,8.541666667,5.6,7.52,7.51,7.5,8.925,8.223333333,0,Aluno-740
RA-741,-2.0,-2.0,-1.0,9.5,9.5,8.418,6.3,5.1,3.75,8.4,6.9,5.2964426875,6.896,6.2707,5.0795885374,4.625999999999997,5.625,5.833333333,5.6,4.39,5.005,7.417,7.095,4.223333333,1,Aluno-741
RA-743,-1.0,-2.0,-1.0,10.0,0.0,9.002,4.8,7.1,7.0,7.9,9.1,9.2727272725,6.672,6.659,7.655745454500001,5.719999999999996,7.5,7.5,5.6,3.77,7.51,7.5,9.01,7.5,0,Aluno-743
RA-745,-1.0,-1.0,0.0,9.0,9.5,9.002,8.1,7.0,8.5,8.5,9.3,10.0,7.382,7.668366667,8.6102,5.519999999999993,8.125,7.5,5.6,3.77,6.26,7.75,8.893333333,8.17,0,Aluno-745
RA-746,0.0,0.0,0.0,8.0,0.0,8.502,7.2,7.2,8.0,9.1,8.0,7.4305555555,7.656,6.517166667,7.903311111100001,5.525999999999991,6.875,7.5,5.6,3.77,7.51,7.417,7.113333333,7.33,0,Aluno-746
RA-747,-2.0,-1.0,-2.0,10.0,10.0,10.002,8.8,3.1,2.25,7.6,8.0,8.095238095,7.676,6.026366667,5.8450809523,5.626000000000002,6.041666667,7.083333333,7.5,3.14,5.005,7.917,6.94,5.335,1,Aluno-747
RA-748,-1.0,-2.0,-1.0,10.0,9.5,9.502,9.1,9.1,7.75,9.0,9.7,10.0,8.084,8.7142,8.2272,5.6399999999999935,7.5,8.75,7.5,7.52,7.51,8.25,10.01,8.005,1,Aluno-748
RA-749,-1.0,-1.0,-2.0,9.5,10.0,9.502,8.8,7.3,8.75,7.7,9.0,9.7368421055,7.484,7.7597,8.3373184211,5.339999999999998,5.625,8.4375,7.5,7.52,8.13,7.25,8.425,7.665,1,Aluno-749
RA-750,-2.0,-2.0,-2.0,9.5,9.5,6.249,6.8,3.4,3.75,8.9,7.7,5.938735178,6.344,5.6857,4.542230369,2.805999999999995,4.375,4.0625,4.4,3.14,4.38,5.167,6.32,3.176666667,1,Aluno-750
RA-752,-2.0,-1.0,-1.0,10.0,9.5,9.502,9.5,6.4,5.75,9.0,9.9,7.525879916999999,8.197,8.073825,6.57279265,5.6359999999999895,7.65625,5.9375,7.5,7.52,7.51,8.417,9.23,5.613333333,1,Aluno-752
RA-753,0.0,-1.0,-1.0,9.5,9.0,10.002,9.1,9.0,8.5,8.6,9.9,9.047619048,8.481,8.6672,8.2450571429,5.575999999999996,7.5,8.333333333,7.5,7.52,7.51,8.417,9.925,8.255,1,Aluno-753
RA-754,-1.0,-2.0,-2.0,10.0,9.5,8.502,7.9,5.6,6.25,5.8,6.1,6.25,6.602,6.0537,5.6127,5.386000000000002,6.875,2.5,4.4,2.52,5.625,6.917,6.67,4.75,1,Aluno-754
RA-755,0.0,-1.0,-1.0,9.5,10.0,10.002,9.5,9.2,9.75,9.2,9.5,10.0,8.566,8.7442,8.925450000000001,5.6940000000000035,7.5,9.0625,6.9,7.52,7.51,8.083,10.01,9.09,0,Aluno-755
RA-756,-1.0,-2.0,-2.0,10.0,10.0,10.002,5.7,6.1,5.5,7.9,8.7,8.75,6.976,7.0927,7.361700000000001,5.5600000000000005,5.625,8.125,7.5,7.52,7.51,7.25,6.59,7.24,0,Aluno-756
RA-757,-1.0,-2.0,-1.0,9.5,9.0,9.502,9.7,9.3,7.0,9.3,9.6,9.285714286000001,8.26,8.6742,7.938842857200001,5.599999999999996,7.5,8.125,7.5,7.52,7.51,8.5,10.01,8.34,1,Aluno-757
RA-760,-2.0,-1.0,0.0,9.0,0.0,9.168,8.8,6.3,5.0,9.2,8.8,7.090909091,8.172,6.548333333,6.942581818200001,6.386000000000009,7.083333333,6.25,7.5,7.52,7.51,8.917,7.84,6.158,0,Aluno-760
RA-761,-1.0,-1.0,0.0,10.0,9.0,8.502,8.2,8.4,7.25,9.4,9.7,8.8636363635,8.06,8.219533333,8.174593939300001,6.4000000000000075,8.333333333,8.75,7.5,7.52,6.26,8.25,8.12,8.003333333,1,Aluno-761
RA-762,-3.0,-2.0,-2.0,10.0,10.0,10.002,6.7,5.8,3.75,9.7,9.1,6.4239130435,7.28,7.09945,5.9677326087,5.834000000000003,7.8125,6.5625,7.5,3.14,6.26,7.083,7.67,5.7525,1,Aluno-762
RA-763,-2.0,-2.0,-1.0,9.5,0.0,9.002,6.5,7.9,5.25,9.7,9.2,8.8636363635,7.402,6.7215,6.984760606,5.286000000000001,6.875,7.708333333,7.5,3.14,6.26,7.167,9.0,6.825,0,Aluno-763
RA-764,0.0,0.0,0.0,9.0,0.0,8.002,7.5,7.8,6.0,8.8,9.2,7.8804347825,8.004,7.682125,7.838370289900001,5.605999999999993,8.28125,8.4375,7.5,7.52,7.51,7.667,8.56,8.336666667,0,Aluno-764
RA-767,-2.0,-1.0,-2.0,9.5,10.0,9.502,7.0,6.3,8.25,9.0,8.3,9.0476190475,7.511,7.3807,8.131890476200002,5.9439999999999955,7.291666667,8.541666667,7.5,7.52,7.51,7.583,7.446666667,8.085,1,Aluno-767
RA-768,-2.0,-2.0,-1.0,9.0,10.0,9.002,7.1,7.9,5.5,10.0,9.1,7.9841897235,7.646,8.4042,7.0345379447,5.5939999999999985,7.5,8.125,7.5,7.52,6.26,7.583,10.01,7.495,1,Aluno-768
RA-769,-1.0,-2.0,-1.0,10.0,10.0,10.002,7.9,8.0,6.0,7.5,9.3,5.9523809525,7.598,7.85345,7.099342857200002,5.679999999999996,7.8125,7.916666667,7.5,3.77,7.51,8.5,8.675,8.33,1,Aluno-769
RA-770,0.0,0.0,-1.0,9.5,0.0,10.002,8.3,5.9,5.0,8.9,8.3,9.022556391,8.143,6.6785,7.3057112782,5.364,6.875,7.5,7.5,3.77,7.51,7.333,8.92,7.5,1,Aluno-770
RA-771,0.0,0.0,-1.0,10.0,0.0,8.502,7.0,8.2,6.5,8.3,8.8,6.619047619,7.873,7.056,6.066009523800001,5.629999999999997,6.25,5.625,7.5,3.14,3.135,7.5,8.585,6.08,1,Aluno-771
RA-773,-1.0,-1.0,-2.0,10.0,10.0,10.002,8.1,7.9,5.0,6.8,7.5,8.75,6.922,6.9287,6.566200000000001,5.253999999999992,5.625,7.5,5.0,2.52,2.51,7.083,7.67,6.575,1,Aluno-773
RA-774,0.0,-1.0,-1.0,10.0,0.0,10.002,6.1,6.9,3.75,7.8,9.5,6.3928571430000005,7.587,5.852,5.685771428600001,5.735999999999999,5.0,6.25,7.5,3.14,2.51,7.417,6.34,6.405,1,Aluno-774
RA-776,-1.0,-1.0,-1.0,0.0,0.0,7.917,1.7,3.5,0.0,4.3,7.0,5.9523809525,3.898,5.567916667,5.178509523800001,4.914000000000002,7.8125,8.333333333,4.4,7.52,5.63,6.333,7.223333333,6.5,1,Aluno-776
RA-777,0.0,0.0,0.0,8.0,0.0,8.002,5.3,6.3,4.5,7.7,9.3,8.7757437075,7.096,7.468125,7.563515408100001,5.4599999999999955,8.28125,8.125,7.5,7.52,7.51,7.0,8.84,7.723333333,0,Aluno-777
RA-778,-1.0,-1.0,0.0,10.0,8.5,10.002,7.1,8.2,7.0,6.7,7.9,8.1235697945,7.432,7.926825,8.0754139589,6.554000000000004,8.90625,7.5,7.5,7.52,7.51,8.833,8.62,7.7475,0,Aluno-778
RA-78,-2.0,-2.0,0.0,8.3,0.0,8.751,7.2,6.7,7.5,6.6,7.7,8.028404344,7.04,6.434625,8.1780308688,7.8999999999999915,8.28125,8.4375,5.6,6.26,8.755,8.0,8.0025,7.39,0,Aluno-78
RA-780,-1.0,-2.0,-1.0,8.0,9.5,9.502,6.9,8.3,6.0,7.6,8.8,10.0,6.955,7.7842,7.7430333333,5.715999999999998,8.75,8.958333333,7.5,3.14,5.63,7.167,8.675,8.17,1,Aluno-780
RA-781,-1.0,-1.0,0.0,10.0,7.5,8.002,8.3,7.9,7.25,8.9,9.8,9.75,7.786,8.209283333,8.496283333400001,5.459999999999991,8.4375,8.4375,7.5,7.52,7.51,7.75,9.116666667,8.506666667,0,Aluno-781
RA-782,0.0,-1.0,0.0,9.5,8.5,9.502,6.0,7.5,7.75,8.4,9.8,7.8571428569999995,7.485,7.6812,8.1896285714,5.049999999999996,7.5,7.5,7.5,2.52,7.51,7.0,9.345,8.085,0,Aluno-782
RA-784,-1.0,-1.0,0.0,9.5,10.0,8.002,8.2,7.3,8.75,10.0,9.5,9.7727272725,8.34,8.171366667,8.8857454545,6.499999999999999,8.125,9.375,7.5,7.52,5.635,9.25,8.783333333,9.4,0,Aluno-784
RA-785,-1.0,-1.0,0.0,9.0,9.0,9.502,8.4,8.8,9.0,8.6,8.5,10.0,7.642,8.137866667,9.1548666666,5.585999999999999,7.916666667,8.75,7.5,7.52,7.51,7.667,8.67,8.893333333,0,Aluno-785
RA-787,0.0,-1.0,-1.0,8.5,9.0,9.002,3.4,5.9,7.25,9.5,9.8,9.75,7.205,7.5227,7.73495,5.749999999999997,5.625,7.1875,7.5,7.52,7.51,7.25,8.34,7.325,0,Aluno-787
RA-788,0.0,0.0,0.0,10.0,7.9,8.418,8.0,6.9,5.75,9.3,9.8,9.519450801,8.264,7.806091667,7.9221068268,5.105999999999993,7.65625,8.4375,5.6,2.52,6.26,8.667,8.283333333,7.783333333,0,Aluno-788
RA-789,0.0,0.0,0.0,9.0,0.0,9.002,4.2,7.9,5.25,9.4,9.5,9.047619048,7.405,7.974,8.0443904763,5.516000000000005,7.5,9.166666667,7.5,7.52,7.51,7.417,10.01,8.085,0,Aluno-789
RA-790,-2.0,-2.0,-1.0,9.0,0.0,7.502,7.8,7.4,6.75,8.9,8.1,6.811594203,7.504,6.707666667,6.8089355072,5.3059999999999885,7.083333333,7.1875,7.5,7.52,7.51,7.417,8.286666667,6.883333333,0,Aluno-790
RA-792,-1.0,-2.0,-1.0,9.5,9.0,8.502,6.2,7.2,3.25,8.0,7.7,5.2865612650000005,7.025,7.6267,6.036012253,5.515999999999998,6.875,8.125,7.5,7.52,7.51,7.167,9.085,7.075,1,Aluno-792
RA-794,0.0,-1.0,0.0,9.5,9.0,9.502,4.1,6.2,3.0,8.9,9.2,6.9047619045,7.335,7.9842,7.145652380900001,5.683999999999991,7.5,8.125,7.5,7.52,7.51,7.333,10.01,8.255,1,Aluno-794
RA-795,0.0,-1.0,-1.0,9.0,9.0,9.502,7.3,8.2,9.5,9.7,9.6,9.761904762,8.064,8.4642,8.441414285700002,5.474000000000001,7.5,8.958333333,7.5,7.52,6.26,7.333,10.01,8.085,1,Aluno-795
RA-796,-2.0,-1.0,-1.0,9.5,9.0,8.502,5.4,5.5,5.25,9.3,9.8,8.2212885155,7.232,7.462866667,7.052457703200001,5.585999999999995,7.083333333,7.916666667,7.5,6.27,7.51,7.667,8.336666667,7.326666667,1,Aluno-796
RA-797,-2.0,-1.0,-1.0,9.0,8.5,9.168,7.3,7.5,7.25,8.5,8.6,4.840909091,7.217,7.373033333,6.597315151500001,4.069999999999996,6.041666667,6.666666667,7.5,7.52,7.51,7.5,7.233333333,6.723333333,1,Aluno-797
RA-798,-2.0,-1.0,-1.0,8.0,9.0,6.834,6.3,6.1,4.75,8.3,8.1,3.5064935065,7.049,7.018033333,4.6743653679,5.456000000000005,6.458333333,5.0,7.5,7.52,7.51,7.667,6.95,2.943333333,1,Aluno-798
RA-799,-2.0,-1.0,0.0,8.0,9.5,7.918,7.8,8.3,5.25,9.6,9.6,9.090909091,7.676,8.061533333,7.702648484900001,5.625999999999998,8.333333333,7.916666667,7.5,5.64,7.51,7.917,8.17,7.5,1,Aluno-799
RA-80,-1.0,-1.0,0.0,9.2,8.3,8.751,7.1,6.3,7.0,8.3,8.4,7.8961292116666675,7.29,7.252275,8.131659175733333,7.649999999999999,7.96875,8.75,5.0,6.89,8.13,7.625,7.465,7.946666667,0,Aluno-80
RA-801,-1.0,0.0,-1.0,7.0,0.0,9.002,6.8,7.6,8.0,6.6,7.5,5.75,6.644,6.8735,6.6752,5.1399999999999935,6.875,6.25,7.5,7.52,7.51,7.5,7.12,5.745,1,Aluno-801
RA-802,-1.0,-1.0,0.0,9.0,8.0,7.502,8.3,9.4,8.75,9.0,9.3,7.012987013,7.831,8.126866667,7.8317974024999994,5.544000000000004,8.333333333,8.333333333,7.5,7.52,7.51,8.333,7.506666667,6.723333333,1,Aluno-802
RA-805,0.0,-1.0,-1.0,9.5,0.0,8.502,8.8,6.8,6.0,9.0,9.1,9.523809524,8.279,6.492,6.9375869048,5.524,6.25,7.03125,7.5,7.52,4.38,7.333,7.175,6.7075,0,Aluno-805
RA-806,0.0,-1.0,-1.0,9.5,8.5,8.502,6.6,7.8,6.75,7.3,8.3,6.9047619045,7.561,7.2937,6.972777380900001,4.975999999999994,6.875,7.65625,7.5,6.27,7.51,7.917,7.095,6.875,1,Aluno-806
RA-807,0.0,-1.0,0.0,9.5,9.5,9.002,9.0,8.0,7.0,8.7,9.1,7.8571428569999995,8.121,7.8632,7.797628571400001,5.010000000000003,6.25,7.5,6.3,7.52,7.51,7.5,8.08,7.125,1,Aluno-807
RA-808,0.0,-1.0,0.0,10.0,10.0,9.002,9.3,8.7,8.75,9.1,10.0,10.0,8.361,8.1932,8.7897,4.510000000000001,7.5,8.125,6.3,2.52,7.51,8.0,9.755,7.88,0,Aluno-808
RA-81,1.0,0.0,0.0,9.2,9.6,9.168,6.0,6.3,7.5,9.2,8.8,9.333333333333334,7.675,7.45425,8.256566666666668,7.233999999999998,7.8125,7.875,5.0,2.52,6.26,7.458,7.2125,7.798,0,Aluno-81
RA-810,0.0,0.0,-1.0,8.5,8.0,7.502,9.6,6.9,9.0,9.1,8.5,9.4736842105,7.887,7.782866667,7.704770175400001,3.469999999999991,5.833333333,6.458333333,5.0,7.52,5.635,7.25,7.836666667,7.7525,1,Aluno-810
RA-814,-1.0,-1.0,0.0,8.9,9.5,7.418,7.5,8.2,7.5,9.0,9.6,9.090909091,7.592,8.367866667,7.971648484800001,5.285999999999997,8.333333333,7.5,6.9,6.89,7.51,8.417,9.226666667,7.053333333,1,Aluno-814
RA-816,-1.0,-1.0,0.0,10.0,7.5,7.002,9.6,8.9,9.25,9.3,9.8,9.7727272725,8.513,8.5572,8.929745454599999,5.995999999999997,9.583333333,9.166666667,7.5,7.52,7.51,9.417,9.283333333,8.786666667,0,Aluno-816
RA-819,0.0,0.0,1.0,10.0,0.0,10.002,7.3,9.5,9.0,7.9,8.3,7.784679089,7.741,7.944833333,8.652552484400001,4.843999999999995,8.541666667,8.4375,7.5,7.52,7.51,7.333,8.893333333,8.503333333,0,Aluno-819
RA-820,-1.0,-1.0,0.0,9.5,7.9,10.002,6.0,8.9,6.25,10.0,7.4,6.573529412,7.417,7.85605,7.426572549100001,5.603999999999993,9.0625,8.333333333,6.9,7.52,7.51,7.583,8.28,6.386666667,1,Aluno-820
RA-822,-2.0,-2.0,-2.0,8.0,8.5,0.0,6.1,7.1,6.75,8.4,8.4,4.6245059285,6.922,6.4497,5.2645678524,5.553999999999994,5.625,6.666666667,7.5,2.52,5.01,7.083,5.925,6.61,1,Aluno-822
RA-826,0.0,-1.0,-1.0,9.5,10.0,10.002,5.4,7.3,6.75,9.6,10.0,10.0,7.776,7.77645,7.9442,5.759999999999996,7.8125,7.5,7.5,3.77,6.26,7.5,8.34,8.59,0,Aluno-826
RA-827,-2.0,-1.0,0.0,9.5,7.9,10.002,7.6,8.1,7.25,7.0,8.1,9.782608695499999,7.412,7.419925,8.2483467391,5.585999999999989,8.28125,7.65625,7.5,3.14,5.01,8.667,8.73,7.875,0,Aluno-827
RA-829,0.0,0.0,1.0,9.0,9.0,9.502,7.8,8.4,8.0,8.6,9.4,9.75,8.003,8.532075,9.171825000000002,5.7299999999999995,9.21875,8.90625,7.5,3.14,9.38,7.5,9.23,9.215,0,Aluno-829
RA-830,-1.0,-1.0,-1.0,10.0,0.0,9.002,6.0,8.3,6.75,8.6,8.9,7.619047619,7.234,6.78,7.1373428571,5.640000000000001,6.25,8.333333333,7.5,3.14,5.63,7.5,9.505,7.335,0,Aluno-830
RA-831,-1.0,-1.0,-1.0,9.5,8.0,10.002,7.2,8.3,7.75,9.2,9.4,9.523809524,7.41,7.71645,8.0066285715,4.965999999999997,7.8125,7.916666667,7.5,3.77,6.26,7.167,8.59,8.17,0,Aluno-831
RA-832,-1.0,-1.0,0.0,10.0,10.0,9.002,8.8,8.5,8.0,9.2,9.5,8.695652174,8.179,8.2697,8.2403304348,5.624000000000004,7.708333333,7.5,7.5,7.52,7.51,8.833,8.283333333,7.5,1,Aluno-832
RA-833,-1.0,-1.0,0.0,10.0,10.0,9.002,7.8,7.4,8.0,9.5,9.5,9.3271221535,7.791,7.81295,8.5184577641,5.643999999999993,8.4375,8.125,7.5,3.77,7.51,7.583,8.56,7.946666667,0,Aluno-833
RA-834,-1.0,-1.0,0.0,9.0,9.0,8.002,9.0,9.2,8.75,9.0,9.9,9.109730849,8.136,8.662616667,8.513646169700001,5.693999999999995,9.6875,7.708333333,7.5,6.27,6.26,9.083,9.283333333,8.723333333,1,Aluno-834
RA-836,-1.0,-2.0,-1.0,8.5,9.5,9.502,9.2,6.7,2.75,8.3,9.6,6.439393939,7.665,7.6417,6.0234537878,5.483999999999997,6.875,7.34375,7.5,6.27,7.51,7.583,8.085,6.25,1,Aluno-836
RA-837,0.0,0.0,0.0,8.5,9.0,7.502,8.8,7.0,6.75,9.0,9.3,9.782608695499999,8.207,8.2712,7.9648467391,5.47000000000001,7.916666667,7.03125,7.5,7.52,6.885,7.5,7.836666667,7.5825,1,Aluno-837
RA-840,0.0,-1.0,0.0,9.0,9.5,9.502,7.8,8.2,8.0,8.2,9.0,9.337121212,7.875,7.7862,8.5912909091,5.249999999999999,7.5,8.333333333,7.5,4.38,7.51,7.5,8.59,7.946666667,0,Aluno-840
RA-841,-2.0,-2.0,-1.0,8.5,0.0,10.002,7.2,6.9,3.25,8.5,7.2,6.3272311215000006,7.3,6.78,6.035771224300001,5.599999999999992,7.5,7.03125,7.5,7.52,7.51,7.5,9.84,5.83,1,Aluno-841
RA-842,0.0,-1.0,-1.0,7.5,9.0,8.502,9.1,7.9,7.5,8.3,8.5,7.549407115,7.952,7.2117,7.072914756400001,3.219999999999994,5.625,6.875,7.5,3.77,6.26,8.25,8.01,6.996666667,1,Aluno-842
RA-847,-1.0,-2.0,-1.0,7.9,7.9,9.002,7.7,7.6,1.0,8.2,9.1,4.5454545455,6.839,6.5418,5.009290909100001,4.456000000000007,5.0,7.5,4.4,2.52,5.01,7.417,5.84,6.245,1,Aluno-847
RA-85,0.0,-1.0,-2.0,6.7,8.8,8.334,4.3,5.7,7.666666666666667,7.3,8.9,8.668046928999999,6.243,7.08435,6.999509385733333,5.864,5.9375,6.25,5.0,6.27,3.755,5.833,7.8425,6.993333333,1,Aluno-85
RA-850,0.0,-1.0,-1.0,10.0,0.0,10.002,8.5,7.3,7.75,7.3,7.9,9.2727272725,7.641,6.06525,7.864245454500001,2.9759999999999986,6.5625,7.5,7.5,6.26,6.255,7.167,6.265,7.92,0,Aluno-850
RA-851,0.0,-1.0,-1.0,9.0,8.4,9.002,8.3,6.6,6.0,7.9,7.5,7.3221343875,7.515,6.1683,6.2114602109,3.0839999999999934,5.625,5.625,7.5,2.52,5.63,6.583,6.01,5.106666667,0,Aluno-851
RA-853,0.0,-1.0,0.0,10.0,10.0,8.502,8.5,7.4,6.25,9.6,9.5,9.5833333335,8.616,7.8402,7.986866666600001,5.459999999999994,6.25,8.333333333,7.5,3.77,6.26,8.5,9.84,7.553333333,0,Aluno-853
RA-854,0.0,0.0,0.0,8.0,0.0,9.502,9.3,6.0,7.0,9.0,9.5,10.0,8.098,6.6415,7.826199999900001,4.546000000000007,5.625,5.833333333,7.5,3.77,6.26,7.167,8.01,6.333333333,0,Aluno-854
RA-855,-1.0,0.0,0.0,10.0,9.5,9.002,9.7,6.8,8.5,9.6,10.0,10.0,8.453,8.62995,8.578533333400001,5.429999999999999,8.4375,7.5,7.5,7.52,7.51,9.0,8.67,7.386666667,1,Aluno-855
RA-858,0.0,0.0,-1.0,10.0,0.0,9.002,7.7,9.3,8.25,7.1,8.1,6.833333333500001,7.523,7.248833333,6.917866666700001,5.363999999999995,8.125,7.5,5.6,3.77,2.51,7.333,7.946666667,7.5,1,Aluno-858
RA-859,0.0,0.0,0.0,8.5,8.0,8.002,8.9,7.3,8.0,8.7,9.2,9.337121212,8.325,8.6042,8.5817909091,5.549999999999986,7.5,8.958333333,7.5,7.52,7.51,8.25,10.01,8.336666667,1,Aluno-859
RA-860,0.0,0.0,0.0,9.5,7.0,9.002,8.1,7.4,8.5,8.5,9.8,9.7916666665,8.136,8.2372,8.7738666667,5.659999999999987,7.5,8.75,7.5,6.89,7.51,7.75,8.34,7.946666667,0,Aluno-860
RA-87,0.0,0.0,1.0,8.3,7.5,8.751,8.8,9.3,9.166666666666666,9.6,10.0,9.649122807,8.712,8.6625,9.437924561333332,7.519999999999998,8.125,9.375,7.5,5.63,9.375,8.5,8.385,9.623333333,0,Aluno-87
RA-90,2.0,1.0,2.0,10.0,10.0,10.002,8.5,7.7,8.066666666666666,9.7,9.6,9.0,9.442,8.699408333,8.352033333333335,9.119999999999994,8.59375,7.5,9.4,7.52,6.885,9.75,8.1725,7.5,1,Aluno-90
RA-91,-1.0,-1.0,-1.0,9.2,10.0,10.002,6.6,7.4,7.333333333333333,5.7,7.4,7.476190476333334,6.645,7.42395,7.426704761933335,7.799999999999991,7.8125,7.875,5.6,6.89,5.635,7.125,7.4675,8.068,0,Aluno-91
RA-92,-1.0,-1.0,0.0,9.2,9.6,10.002,7.4,6.7,7.5,7.1,9.4,8.769145085,6.957,7.375916667,8.052279017,8.035999999999994,7.1875,7.8125,5.0,5.63,7.51,6.667,7.045,6.33,0,Aluno-92
RA-94,0.0,-1.0,0.0,8.3,7.5,10.002,7.7,7.2,8.0,9.6,9.6,9.666666666666666,8.921,7.289333333,8.637033333333335,9.043999999999992,8.75,8.375,8.1,2.52,6.26,9.583,7.795,8.2,0,Aluno-94
